USAspending sync: 17687 UEIs (skip those synced < 30 days)
  1A1A1A1A1A1A error: HTTP 400 for https://api.usaspending.gov/api/v2/search/spending_by_award/ :: {"d
  281620K41228 error: HTTP 400 for https://api.usaspending.gov/api/v2/search/spending_by_award/ :: {"d
  2WY65LAN7843 error: HTTP 400 for https://api.usaspending.gov/api/v2/search/spending_by_award/ :: {"d
  4K86FNMRWHH7 error: HTTP 400 for https://api.usaspending.gov/api/v2/search/spending_by_award/ :: {"d
  6302022DSCSD error: HTTP 400 for https://api.usaspending.gov/api/v2/search/spending_by_award/ :: {"d
  8619KHS34567 error: HTTP 400 for https://api.usaspending.gov/api/v2/search/spending_by_award/ :: {"d
  AAAAAAAAAAAA error: HTTP 400 for https://api.usaspending.gov/api/v2/search/spending_by_award/ :: {"d
  ABCDE3456789 error: HTTP 400 for https://api.usaspending.gov/api/v2/search/spending_by_award/ :: {"d
  APPLEDFRAB00 error: HTTP 400 for https://api.usaspending.gov/api/v2/search/spending_by_award/ :: {"d
  BADGERAUDT22 error: HTTP 400 for https://api.usaspending.gov/api/v2/search/spending_by_award/ :: {"d
  BHCMS3106700 error: HTTP 400 for https://api.usaspending.gov/api/v2/search/spending_by_award/ :: {"d
  BTTRLVG4CTZN error: HTTP 400 for https://api.usaspending.gov/api/v2/search/spending_by_award/ :: {"d
  C0WCREEK2022 error: HTTP 400 for https://api.usaspending.gov/api/v2/search/spending_by_award/ :: {"d
  C115QBW3DCK7 error: HTTP 400 for https://api.usaspending.gov/api/v2/search/spending_by_award/ :: {"d
  C11CU28JD8B8 error: HTTP 400 for https://api.usaspending.gov/api/v2/search/spending_by_award/ :: {"d
  C11KVLEZJ5B1 error: HTTP 400 for https://api.usaspending.gov/api/v2/search/spending_by_award/ :: {"d
  C11RMS8FXFA9 error: HTTP 400 for https://api.usaspending.gov/api/v2/search/spending_by_award/ :: {"d
  C11TEDYJTE83 error: HTTP 400 for https://api.usaspending.gov/api/v2/search/spending_by_award/ :: {"d
  C121C5LKZU91 error: HTTP 400 for https://api.usaspending.gov/api/v2/search/spending_by_award/ :: {"d
  C12SFNEBVJR8 error: HTTP 400 for https://api.usaspending.gov/api/v2/search/spending_by_award/ :: {"d
  C12VQENVHJW9 error: HTTP 400 for https://api.usaspending.gov/api/v2/search/spending_by_award/ :: {"d
  C135DLMZAG36 error: HTTP 400 for https://api.usaspending.gov/api/v2/search/spending_by_award/ :: {"d
  C13BSGHEXRN5 error: HTTP 400 for https://api.usaspending.gov/api/v2/search/spending_by_award/ :: {"d
  C13SMME1FRE6 error: HTTP 400 for https://api.usaspending.gov/api/v2/search/spending_by_award/ :: {"d
  C13VUMLAZ5H9 error: HTTP 400 for https://api.usaspending.gov/api/v2/search/spending_by_award/ :: {"d
  C14AEEQJDN26 error: HTTP 400 for https://api.usaspending.gov/api/v2/search/spending_by_award/ :: {"d
  C15PV5LXDA51 error: HTTP 400 for https://api.usaspending.gov/api/v2/search/spending_by_award/ :: {"d
  C15RSEAVPC86 error: HTTP 400 for https://api.usaspending.gov/api/v2/search/spending_by_award/ :: {"d
  C15RWPNMH747 error: HTTP 400 for https://api.usaspending.gov/api/v2/search/spending_by_award/ :: {"d
  C164L5A8BA53 error: HTTP 400 for https://api.usaspending.gov/api/v2/search/spending_by_award/ :: {"d
  C166A3KB66Y1 error: HTTP 400 for https://api.usaspending.gov/api/v2/search/spending_by_award/ :: {"d
  C16DZG7T1PK9 error: HTTP 400 for https://api.usaspending.gov/api/v2/search/spending_by_award/ :: {"d
  C16HYQ36NEH5 error: HTTP 400 for https://api.usaspending.gov/api/v2/search/spending_by_award/ :: {"d
  C173L8LFLCE4 error: HTTP 400 for https://api.usaspending.gov/api/v2/search/spending_by_award/ :: {"d
  C177G3JHC2U3 error: HTTP 400 for https://api.usaspending.gov/api/v2/search/spending_by_award/ :: {"d
  C17HU5V5FLJ7 error: HTTP 400 for https://api.usaspending.gov/api/v2/search/spending_by_award/ :: {"d
  C17PZLDL8VU5 error: HTTP 400 for https://api.usaspending.gov/api/v2/search/spending_by_award/ :: {"d
  C17WM7R1E686 error: HTTP 400 for https://api.usaspending.gov/api/v2/search/spending_by_award/ :: {"d
  C17XK33LPHH5 error: HTTP 400 for https://api.usaspending.gov/api/v2/search/spending_by_award/ :: {"d
  C17XR3XZFSV4 error: HTTP 400 for https://api.usaspending.gov/api/v2/search/spending_by_award/ :: {"d
  C188DC8NFN23 error: HTTP 400 for https://api.usaspending.gov/api/v2/search/spending_by_award/ :: {"d
  C18CL8K86UE6 error: HTTP 400 for https://api.usaspending.gov/api/v2/search/spending_by_award/ :: {"d
  C18RELCPK343 error: HTTP 400 for https://api.usaspending.gov/api/v2/search/spending_by_award/ :: {"d
  C18VUN281SK7 error: HTTP 400 for https://api.usaspending.gov/api/v2/search/spending_by_award/ :: {"d
  C196L3C32VP4 error: HTTP 400 for https://api.usaspending.gov/api/v2/search/spending_by_award/ :: {"d
  C19GBZ59M6V5 error: HTTP 400 for https://api.usaspending.gov/api/v2/search/spending_by_award/ :: {"d
  C19YGKE1FRG9 error: HTTP 400 for https://api.usaspending.gov/api/v2/search/spending_by_award/ :: {"d
  C1ABLRAQTB48 error: HTTP 400 for https://api.usaspending.gov/api/v2/search/spending_by_award/ :: {"d
  C1ABWLDDNJ97 error: HTTP 400 for https://api.usaspending.gov/api/v2/search/spending_by_award/ :: {"d
  C1ACK11FLYD9 error: HTTP 400 for https://api.usaspending.gov/api/v2/search/spending_by_award/ :: {"d
  C1BBXQ1YX615 error: HTTP 400 for https://api.usaspending.gov/api/v2/search/spending_by_award/ :: {"d
  C1BGKQCVTYF8 error: HTTP 400 for https://api.usaspending.gov/api/v2/search/spending_by_award/ :: {"d
  C1BLDDHC8KL5 error: HTTP 400 for https://api.usaspending.gov/api/v2/search/spending_by_award/ :: {"d
  C1BNKS7NJX73 error: HTTP 400 for https://api.usaspending.gov/api/v2/search/spending_by_award/ :: {"d
  C1BRVM3KFAQ6 error: HTTP 400 for https://api.usaspending.gov/api/v2/search/spending_by_award/ :: {"d
  C1C5AKJGXEQ8 error: HTTP 400 for https://api.usaspending.gov/api/v2/search/spending_by_award/ :: {"d
  C1CPANL3EWK4 error: HTTP 400 for https://api.usaspending.gov/api/v2/search/spending_by_award/ :: {"d
  C1CUQNZL31G8 error: HTTP 400 for https://api.usaspending.gov/api/v2/search/spending_by_award/ :: {"d
  C1CWE38HLN55 error: HTTP 400 for https://api.usaspending.gov/api/v2/search/spending_by_award/ :: {"d
  C1D1JQMJK8A9 error: HTTP 400 for https://api.usaspending.gov/api/v2/search/spending_by_award/ :: {"d
  C1D7WQK817G4 error: HTTP 400 for https://api.usaspending.gov/api/v2/search/spending_by_award/ :: {"d
  C1DBTC63LPF1 error: HTTP 400 for https://api.usaspending.gov/api/v2/search/spending_by_award/ :: {"d
  C1DJL7KFKGL6 error: HTTP 400 for https://api.usaspending.gov/api/v2/search/spending_by_award/ :: {"d
  C1DKY15NL666 error: HTTP 400 for https://api.usaspending.gov/api/v2/search/spending_by_award/ :: {"d
  C1DMVT612Z26 error: HTTP 400 for https://api.usaspending.gov/api/v2/search/spending_by_award/ :: {"d
  C1E1FPLEVFL8 error: HTTP 400 for https://api.usaspending.gov/api/v2/search/spending_by_award/ :: {"d
  C1ECKKJ5KUH7 error: HTTP 400 for https://api.usaspending.gov/api/v2/search/spending_by_award/ :: {"d
  C1EKLPFHLRL9 error: HTTP 400 for https://api.usaspending.gov/api/v2/search/spending_by_award/ :: {"d
  C1ETUFNCZBL7 error: HTTP 400 for https://api.usaspending.gov/api/v2/search/spending_by_award/ :: {"d
  C1FQT5S6KJ59 error: HTTP 400 for https://api.usaspending.gov/api/v2/search/spending_by_award/ :: {"d
  C1FRBCBNUHP5 error: HTTP 400 for https://api.usaspending.gov/api/v2/search/spending_by_award/ :: {"d
  C1FYGNABMQ75 error: HTTP 400 for https://api.usaspending.gov/api/v2/search/spending_by_award/ :: {"d
  C1G4SXHFW5E5 error: HTTP 400 for https://api.usaspending.gov/api/v2/search/spending_by_award/ :: {"d
  C1GTBVNZH234 error: HTTP 400 for https://api.usaspending.gov/api/v2/search/spending_by_award/ :: {"d
  C1GWSADARX51 error: HTTP 400 for https://api.usaspending.gov/api/v2/search/spending_by_award/ :: {"d
  C1H6ABZ9NJU7 error: HTTP 400 for https://api.usaspending.gov/api/v2/search/spending_by_award/ :: {"d
  C1H6RJVZHW88 error: HTTP 400 for https://api.usaspending.gov/api/v2/search/spending_by_award/ :: {"d
  C1HFA87QQSV6 error: HTTP 400 for https://api.usaspending.gov/api/v2/search/spending_by_award/ :: {"d
  C1HJWJKEHVL9 error: HTTP 400 for https://api.usaspending.gov/api/v2/search/spending_by_award/ :: {"d
  C1HQBTJG76P5 error: HTTP 400 for https://api.usaspending.gov/api/v2/search/spending_by_award/ :: {"d
  C1HZSRB6U3N4 error: HTTP 400 for https://api.usaspending.gov/api/v2/search/spending_by_award/ :: {"d
  C1J8GT1DL1Q8 error: HTTP 400 for https://api.usaspending.gov/api/v2/search/spending_by_award/ :: {"d
  C1L9K1QVBAR8 error: HTTP 400 for https://api.usaspending.gov/api/v2/search/spending_by_award/ :: {"d
  C1LYTF8K8FJ3 error: HTTP 400 for https://api.usaspending.gov/api/v2/search/spending_by_award/ :: {"d
  C1M7J59MJHQ6 error: HTTP 400 for https://api.usaspending.gov/api/v2/search/spending_by_award/ :: {"d
  C1M8B7G5E4J5 error: HTTP 400 for https://api.usaspending.gov/api/v2/search/spending_by_award/ :: {"d
  C1MWG72JUMM1 error: HTTP 400 for https://api.usaspending.gov/api/v2/search/spending_by_award/ :: {"d
  C1MZSNM5PNJ6 error: HTTP 400 for https://api.usaspending.gov/api/v2/search/spending_by_award/ :: {"d
  C1N3VF855UN5 error: HTTP 400 for https://api.usaspending.gov/api/v2/search/spending_by_award/ :: {"d
  C1NCQAMHC7B7 error: HTTP 400 for https://api.usaspending.gov/api/v2/search/spending_by_award/ :: {"d
  C1NFB5EMQN99 error: HTTP 400 for https://api.usaspending.gov/api/v2/search/spending_by_award/ :: {"d
  C1NJR4MMGPX7 error: HTTP 400 for https://api.usaspending.gov/api/v2/search/spending_by_award/ :: {"d
  C1TUBRBX59M3 error: HTTP 400 for https://api.usaspending.gov/api/v2/search/spending_by_award/ :: {"d
  C1TYPD17U1L4 error: HTTP 400 for https://api.usaspending.gov/api/v2/search/spending_by_award/ :: {"d
  C1UUWDBBB3V3 error: HTTP 400 for https://api.usaspending.gov/api/v2/search/spending_by_award/ :: {"d
  C1VAEDW8UXH6 error: HTTP 400 for https://api.usaspending.gov/api/v2/search/spending_by_award/ :: {"d
  C1VFCMM7B9J8 error: HTTP 400 for https://api.usaspending.gov/api/v2/search/spending_by_award/ :: {"d
  C1X1NCTRB848 error: HTTP 400 for https://api.usaspending.gov/api/v2/search/spending_by_award/ :: {"d
  C1XZGJ7LY2J6 error: HTTP 400 for https://api.usaspending.gov/api/v2/search/spending_by_award/ :: {"d
  C1YGWNXHKU57 error: HTTP 400 for https://api.usaspending.gov/api/v2/search/spending_by_award/ :: {"d
  C1ZJMN77PK61 error: HTTP 400 for https://api.usaspending.gov/api/v2/search/spending_by_award/ :: {"d
  C222B5497NT3 error: HTTP 400 for https://api.usaspending.gov/api/v2/search/spending_by_award/ :: {"d
  C223CA8FME86 error: HTTP 400 for https://api.usaspending.gov/api/v2/search/spending_by_award/ :: {"d
  C22XEKTBCKN6 error: HTTP 400 for https://api.usaspending.gov/api/v2/search/spending_by_award/ :: {"d
  C25LL79JYLT5 error: HTTP 400 for https://api.usaspending.gov/api/v2/search/spending_by_award/ :: {"d
  C28HEFFK51K4 error: HTTP 400 for https://api.usaspending.gov/api/v2/search/spending_by_award/ :: {"d
  C2BVL7YAWEF2 error: HTTP 400 for https://api.usaspending.gov/api/v2/search/spending_by_award/ :: {"d
  C2BXZ6YF52A5 error: HTTP 400 for https://api.usaspending.gov/api/v2/search/spending_by_award/ :: {"d
  C2CAPXKHWCY3 error: HTTP 400 for https://api.usaspending.gov/api/v2/search/spending_by_award/ :: {"d
  C2DJZHY19MJ5 error: HTTP 400 for https://api.usaspending.gov/api/v2/search/spending_by_award/ :: {"d
  C2DPJYN5DHM3 error: HTTP 400 for https://api.usaspending.gov/api/v2/search/spending_by_award/ :: {"d
  C2DVNANL1KF3 error: HTTP 400 for https://api.usaspending.gov/api/v2/search/spending_by_award/ :: {"d
  C2E1HJ3XV9H6 error: HTTP 400 for https://api.usaspending.gov/api/v2/search/spending_by_award/ :: {"d
  C2F2L52UEWX1 error: HTTP 400 for https://api.usaspending.gov/api/v2/search/spending_by_award/ :: {"d
  C2GCTSRE8PL8 error: HTTP 400 for https://api.usaspending.gov/api/v2/search/spending_by_award/ :: {"d
  C2H8FPKWKYH3 error: HTTP 400 for https://api.usaspending.gov/api/v2/search/spending_by_award/ :: {"d
  C2HMDLFSRM58 error: HTTP 400 for https://api.usaspending.gov/api/v2/search/spending_by_award/ :: {"d
  C2JCKD4VNF13 error: HTTP 400 for https://api.usaspending.gov/api/v2/search/spending_by_award/ :: {"d
  C2JGC2DSNJX9 error: HTTP 400 for https://api.usaspending.gov/api/v2/search/spending_by_award/ :: {"d
  C2JYF7TJQLP3 error: HTTP 400 for https://api.usaspending.gov/api/v2/search/spending_by_award/ :: {"d
  C2K2NH2N5JE3 error: HTTP 400 for https://api.usaspending.gov/api/v2/search/spending_by_award/ :: {"d
  C2KEQTDCB8Y9 error: HTTP 400 for https://api.usaspending.gov/api/v2/search/spending_by_award/ :: {"d
  C2M5FV412L38 error: HTTP 400 for https://api.usaspending.gov/api/v2/search/spending_by_award/ :: {"d
  C2P3UEAV2KL3 error: HTTP 400 for https://api.usaspending.gov/api/v2/search/spending_by_award/ :: {"d
  C2PTL16FKQE3 error: HTTP 400 for https://api.usaspending.gov/api/v2/search/spending_by_award/ :: {"d
  C2QYJSTXRCN9 error: HTTP 400 for https://api.usaspending.gov/api/v2/search/spending_by_award/ :: {"d
  C2R5P1LPC9M5 error: HTTP 400 for https://api.usaspending.gov/api/v2/search/spending_by_award/ :: {"d
  C2RGJUGDLNH3 error: HTTP 400 for https://api.usaspending.gov/api/v2/search/spending_by_award/ :: {"d
  C2RLE49QB5Y7 error: HTTP 400 for https://api.usaspending.gov/api/v2/search/spending_by_award/ :: {"d
  C2SLEZ87KAW3 error: HTTP 400 for https://api.usaspending.gov/api/v2/search/spending_by_award/ :: {"d
  C2TKJFL5CKP7 error: HTTP 400 for https://api.usaspending.gov/api/v2/search/spending_by_award/ :: {"d
  C2UJCNNC8QF8 error: HTTP 400 for https://api.usaspending.gov/api/v2/search/spending_by_award/ :: {"d
  C2UYF16WN3N6 error: HTTP 400 for https://api.usaspending.gov/api/v2/search/spending_by_award/ :: {"d
  C2VKDG228PL5 error: HTTP 400 for https://api.usaspending.gov/api/v2/search/spending_by_award/ :: {"d
  C2VVLG122LW3 error: HTTP 400 for https://api.usaspending.gov/api/v2/search/spending_by_award/ :: {"d
  C2VYSF9L34L3 error: HTTP 400 for https://api.usaspending.gov/api/v2/search/spending_by_award/ :: {"d
  C2Z7DJ8ZCQL6 error: HTTP 400 for https://api.usaspending.gov/api/v2/search/spending_by_award/ :: {"d
  C31JFNYLGD75 error: HTTP 400 for https://api.usaspending.gov/api/v2/search/spending_by_award/ :: {"d
  C328G8CGHJV5 error: HTTP 400 for https://api.usaspending.gov/api/v2/search/spending_by_award/ :: {"d
  C32ZUYRJHLJ5 error: HTTP 400 for https://api.usaspending.gov/api/v2/search/spending_by_award/ :: {"d
  C33BR1T7JLQ3 error: HTTP 400 for https://api.usaspending.gov/api/v2/search/spending_by_award/ :: {"d
  C37JLJPSK1N6 error: HTTP 400 for https://api.usaspending.gov/api/v2/search/spending_by_award/ :: {"d
  C37JLLPSK1N6 error: HTTP 400 for https://api.usaspending.gov/api/v2/search/spending_by_award/ :: {"d
  C3BGD6YGGUH8 error: HTTP 400 for https://api.usaspending.gov/api/v2/search/spending_by_award/ :: {"d
  C3E7K1FCBAZ3 error: HTTP 400 for https://api.usaspending.gov/api/v2/search/spending_by_award/ :: {"d
  C3ECLJ9BP8N3 error: HTTP 400 for https://api.usaspending.gov/api/v2/search/spending_by_award/ :: {"d
  C3GBA8MDWX68 error: HTTP 400 for https://api.usaspending.gov/api/v2/search/spending_by_award/ :: {"d
  C3GJY7S3L3H9 error: HTTP 400 for https://api.usaspending.gov/api/v2/search/spending_by_award/ :: {"d
  C3H2LY7KZ6L3 error: HTTP 400 for https://api.usaspending.gov/api/v2/search/spending_by_award/ :: {"d
  C3J3SA3KYL55 error: HTTP 400 for https://api.usaspending.gov/api/v2/search/spending_by_award/ :: {"d
  C3J7V5WQNRD6 error: HTTP 400 for https://api.usaspending.gov/api/v2/search/spending_by_award/ :: {"d
  C3JCUCEZ9543 error: HTTP 400 for https://api.usaspending.gov/api/v2/search/spending_by_award/ :: {"d
  C3JUHMKQMQJ9 error: HTTP 400 for https://api.usaspending.gov/api/v2/search/spending_by_award/ :: {"d
  C3K9JREQYGJ4 error: HTTP 400 for https://api.usaspending.gov/api/v2/search/spending_by_award/ :: {"d
  C3KECJ5PE8N3 error: HTTP 400 for https://api.usaspending.gov/api/v2/search/spending_by_award/ :: {"d
  C3KTDALK9LF2 error: HTTP 400 for https://api.usaspending.gov/api/v2/search/spending_by_award/ :: {"d
  C3M8YK2SGEH3 error: HTTP 400 for https://api.usaspending.gov/api/v2/search/spending_by_award/ :: {"d
  C3NUA5EBTHL5 error: HTTP 400 for https://api.usaspending.gov/api/v2/search/spending_by_award/ :: {"d
  C3QCTDMC49Q9 error: HTTP 400 for https://api.usaspending.gov/api/v2/search/spending_by_award/ :: {"d
  C3XDT4KA7YK7 error: HTTP 400 for https://api.usaspending.gov/api/v2/search/spending_by_award/ :: {"d
  C3XJZPJ7HX35 error: HTTP 400 for https://api.usaspending.gov/api/v2/search/spending_by_award/ :: {"d
  C3YQB8U9D7F3 error: HTTP 400 for https://api.usaspending.gov/api/v2/search/spending_by_award/ :: {"d
  C41DUG5TTK15 error: HTTP 400 for https://api.usaspending.gov/api/v2/search/spending_by_award/ :: {"d
  C44UNJC7NDZ7 error: HTTP 400 for https://api.usaspending.gov/api/v2/search/spending_by_award/ :: {"d
  C45QN5JHELW7 error: HTTP 400 for https://api.usaspending.gov/api/v2/search/spending_by_award/ :: {"d
  C45YCFJV44L8 error: HTTP 400 for https://api.usaspending.gov/api/v2/search/spending_by_award/ :: {"d
  C471YH1GMPX7 error: HTTP 400 for https://api.usaspending.gov/api/v2/search/spending_by_award/ :: {"d
  C47QLCVJ4HM6 error: HTTP 400 for https://api.usaspending.gov/api/v2/search/spending_by_award/ :: {"d
  C4A1GH8YACH4 error: HTTP 400 for https://api.usaspending.gov/api/v2/search/spending_by_award/ :: {"d
  C4A2K3QMMVR4 error: HTTP 400 for https://api.usaspending.gov/api/v2/search/spending_by_award/ :: {"d
  C4ATLXRSQ5UT error: HTTP 400 for https://api.usaspending.gov/api/v2/search/spending_by_award/ :: {"d
  C4ATLXTSQ5U7 error: HTTP 400 for https://api.usaspending.gov/api/v2/search/spending_by_award/ :: {"d
  C4B2MNY6CM74 error: HTTP 400 for https://api.usaspending.gov/api/v2/search/spending_by_award/ :: {"d
  C4B3PUWJEK47 error: HTTP 400 for https://api.usaspending.gov/api/v2/search/spending_by_award/ :: {"d
  C4BXLBC11LC6 error: HTTP 400 for https://api.usaspending.gov/api/v2/search/spending_by_award/ :: {"d
  C4E5RXJLNSG8 error: HTTP 400 for https://api.usaspending.gov/api/v2/search/spending_by_award/ :: {"d
  C4ECUZGJXDG1 error: HTTP 400 for https://api.usaspending.gov/api/v2/search/spending_by_award/ :: {"d
  C4EWJD5G1N34 error: HTTP 400 for https://api.usaspending.gov/api/v2/search/spending_by_award/ :: {"d
  C4F5DJP969G3 error: HTTP 400 for https://api.usaspending.gov/api/v2/search/spending_by_award/ :: {"d
  C4F9U77NG5G1 error: HTTP 400 for https://api.usaspending.gov/api/v2/search/spending_by_award/ :: {"d
  C4HKJD9RS2M7 error: HTTP 400 for https://api.usaspending.gov/api/v2/search/spending_by_award/ :: {"d
  C4HLLKEGRA98 error: HTTP 400 for https://api.usaspending.gov/api/v2/search/spending_by_award/ :: {"d
  C4JWUC194LJ5 error: HTTP 400 for https://api.usaspending.gov/api/v2/search/spending_by_award/ :: {"d
  C4L1HQHL1AN9 error: HTTP 400 for https://api.usaspending.gov/api/v2/search/spending_by_award/ :: {"d
  C4L9RVYXKKJ5 error: HTTP 400 for https://api.usaspending.gov/api/v2/search/spending_by_award/ :: {"d
  C4LGALPZ6NE5 error: HTTP 400 for https://api.usaspending.gov/api/v2/search/spending_by_award/ :: {"d
  C4MKS1YDS2J3 error: HTTP 400 for https://api.usaspending.gov/api/v2/search/spending_by_award/ :: {"d
  C4MTUFN6LG63 error: HTTP 400 for https://api.usaspending.gov/api/v2/search/spending_by_award/ :: {"d
  C4N1DL138V95 error: HTTP 400 for https://api.usaspending.gov/api/v2/search/spending_by_award/ :: {"d
  C4NEEQJ7MKC5 error: HTTP 400 for https://api.usaspending.gov/api/v2/search/spending_by_award/ :: {"d
  C4NMLKV38G95 error: HTTP 400 for https://api.usaspending.gov/api/v2/search/spending_by_award/ :: {"d
  C4NXWCF5KQB3 error: HTTP 400 for https://api.usaspending.gov/api/v2/search/spending_by_award/ :: {"d
  C4PKNNYMMG49 error: HTTP 400 for https://api.usaspending.gov/api/v2/search/spending_by_award/ :: {"d
  C4RJU86TRN79 error: HTTP 400 for https://api.usaspending.gov/api/v2/search/spending_by_award/ :: {"d
  C4RSNMV8NWV3 error: HTTP 400 for https://api.usaspending.gov/api/v2/search/spending_by_award/ :: {"d
  C4SCJ7FSMJB6 error: HTTP 400 for https://api.usaspending.gov/api/v2/search/spending_by_award/ :: {"d
  C4SMU22SU266 error: HTTP 400 for https://api.usaspending.gov/api/v2/search/spending_by_award/ :: {"d
  C4UDMJ94BQU7 error: HTTP 400 for https://api.usaspending.gov/api/v2/search/spending_by_award/ :: {"d
  C4VMQLSU1LF4 error: HTTP 400 for https://api.usaspending.gov/api/v2/search/spending_by_award/ :: {"d
  C4XCH1URWLB8 error: HTTP 400 for https://api.usaspending.gov/api/v2/search/spending_by_award/ :: {"d
  200/17687 UEIs, 8915 awards (0.0 UEI/s)
  C4Z3MBQL9GT1 error: HTTP 400 for https://api.usaspending.gov/api/v2/search/spending_by_award/ :: {"d
  C4ZRCBCMK449 error: HTTP 400 for https://api.usaspending.gov/api/v2/search/spending_by_award/ :: {"d
  C52BZMKMJ391 error: HTTP 400 for https://api.usaspending.gov/api/v2/search/spending_by_award/ :: {"d
  C52UJJLEKA24 error: HTTP 400 for https://api.usaspending.gov/api/v2/search/spending_by_award/ :: {"d
  C538DKSGP6U3 error: HTTP 400 for https://api.usaspending.gov/api/v2/search/spending_by_award/ :: {"d
  C53NKWGU4286 error: HTTP 400 for https://api.usaspending.gov/api/v2/search/spending_by_award/ :: {"d
  C542PXEUZ747 error: HTTP 400 for https://api.usaspending.gov/api/v2/search/spending_by_award/ :: {"d
  C549G7KJCBF8 error: HTTP 400 for https://api.usaspending.gov/api/v2/search/spending_by_award/ :: {"d
  C57AMCRUZTZ1 error: HTTP 400 for https://api.usaspending.gov/api/v2/search/spending_by_award/ :: {"d
  C57FNT2CQGH3 error: HTTP 400 for https://api.usaspending.gov/api/v2/search/spending_by_award/ :: {"d
  C58AFQEZMGV3 error: HTTP 400 for https://api.usaspending.gov/api/v2/search/spending_by_award/ :: {"d
  C5BNR8SHXMM4 error: HTTP 400 for https://api.usaspending.gov/api/v2/search/spending_by_award/ :: {"d
  C5DVNAHN8F94 error: HTTP 400 for https://api.usaspending.gov/api/v2/search/spending_by_award/ :: {"d
  C5EGZ77W7E98 error: HTTP 400 for https://api.usaspending.gov/api/v2/search/spending_by_award/ :: {"d
  C5ERCU2EWKJ8 error: HTTP 400 for https://api.usaspending.gov/api/v2/search/spending_by_award/ :: {"d
  C5G1BN81D614 error: HTTP 400 for https://api.usaspending.gov/api/v2/search/spending_by_award/ :: {"d
  C5H7RKUY2LJ3 error: HTTP 400 for https://api.usaspending.gov/api/v2/search/spending_by_award/ :: {"d
  C5KCPGMW61K3 error: HTTP 400 for https://api.usaspending.gov/api/v2/search/spending_by_award/ :: {"d
  C5M7K4RQTMG4 error: HTTP 400 for https://api.usaspending.gov/api/v2/search/spending_by_award/ :: {"d
  C5N3MD4EM9Z1 error: HTTP 400 for https://api.usaspending.gov/api/v2/search/spending_by_award/ :: {"d
  C5QNYL46V6C6 error: HTTP 400 for https://api.usaspending.gov/api/v2/search/spending_by_award/ :: {"d
  C5SXB998J585 error: HTTP 400 for https://api.usaspending.gov/api/v2/search/spending_by_award/ :: {"d
  C5Z4PGUWE3A5 error: HTTP 400 for https://api.usaspending.gov/api/v2/search/spending_by_award/ :: {"d
  C5Z7CE4F82J3 error: HTTP 400 for https://api.usaspending.gov/api/v2/search/spending_by_award/ :: {"d
  C62GA72DGK54 error: HTTP 400 for https://api.usaspending.gov/api/v2/search/spending_by_award/ :: {"d
  C63AKWLSMN69 error: HTTP 400 for https://api.usaspending.gov/api/v2/search/spending_by_award/ :: {"d
  C651PQW5BF69 error: HTTP 400 for https://api.usaspending.gov/api/v2/search/spending_by_award/ :: {"d
  C65FGXKH67V6 error: HTTP 400 for https://api.usaspending.gov/api/v2/search/spending_by_award/ :: {"d
  C672XBQBLW48 error: HTTP 400 for https://api.usaspending.gov/api/v2/search/spending_by_award/ :: {"d
  C67RS65GH827 error: HTTP 400 for https://api.usaspending.gov/api/v2/search/spending_by_award/ :: {"d
  C686SADPJUE5 error: HTTP 400 for https://api.usaspending.gov/api/v2/search/spending_by_award/ :: {"d
  C68AN2LKKXN9 error: HTTP 400 for https://api.usaspending.gov/api/v2/search/spending_by_award/ :: {"d
  C68BM12D1MC1 error: HTTP 400 for https://api.usaspending.gov/api/v2/search/spending_by_award/ :: {"d
  C691JDUN99Y7 error: HTTP 400 for https://api.usaspending.gov/api/v2/search/spending_by_award/ :: {"d
  C6A8LHPE9YA5 error: HTTP 400 for https://api.usaspending.gov/api/v2/search/spending_by_award/ :: {"d
  C6AKWLSSMN69 error: HTTP 400 for https://api.usaspending.gov/api/v2/search/spending_by_award/ :: {"d
  C6ATHHFBAE88 error: HTTP 400 for https://api.usaspending.gov/api/v2/search/spending_by_award/ :: {"d
  C6DCZY22TQM5 error: HTTP 400 for https://api.usaspending.gov/api/v2/search/spending_by_award/ :: {"d
  C6DUE4H33231 error: HTTP 400 for https://api.usaspending.gov/api/v2/search/spending_by_award/ :: {"d
  C6EEJDM4V7N5 error: HTTP 400 for https://api.usaspending.gov/api/v2/search/spending_by_award/ :: {"d
  C6FDFWBK6Y41 error: HTTP 400 for https://api.usaspending.gov/api/v2/search/spending_by_award/ :: {"d
  C6FGG834GTJ7 error: HTTP 400 for https://api.usaspending.gov/api/v2/search/spending_by_award/ :: {"d
  C6JXX7L1GWH3 error: HTTP 400 for https://api.usaspending.gov/api/v2/search/spending_by_award/ :: {"d
  C6KHWLRJW9E9 error: HTTP 400 for https://api.usaspending.gov/api/v2/search/spending_by_award/ :: {"d
  C6MCW2RNTJQ5 error: HTTP 400 for https://api.usaspending.gov/api/v2/search/spending_by_award/ :: {"d
  C6MRTQXJNL36 error: HTTP 400 for https://api.usaspending.gov/api/v2/search/spending_by_award/ :: {"d
  C6Q2AKTWMQ98 error: HTTP 400 for https://api.usaspending.gov/api/v2/search/spending_by_award/ :: {"d
  C6QUF1FP1HK8 error: HTTP 400 for https://api.usaspending.gov/api/v2/search/spending_by_award/ :: {"d
  C6T9BYG5EYX5 error: HTTP 400 for https://api.usaspending.gov/api/v2/search/spending_by_award/ :: {"d
  C6UEXSBZT9L1 error: HTTP 400 for https://api.usaspending.gov/api/v2/search/spending_by_award/ :: {"d
  C6YHVLXDZNJ5 error: HTTP 400 for https://api.usaspending.gov/api/v2/search/spending_by_award/ :: {"d
  C6ZLN5CBE251 error: HTTP 400 for https://api.usaspending.gov/api/v2/search/spending_by_award/ :: {"d
  C718RD5QPFV6 error: HTTP 400 for https://api.usaspending.gov/api/v2/search/spending_by_award/ :: {"d
  C71ZL45UD282 error: HTTP 400 for https://api.usaspending.gov/api/v2/search/spending_by_award/ :: {"d
  C72RJDR956K4 error: HTTP 400 for https://api.usaspending.gov/api/v2/search/spending_by_award/ :: {"d
  C77JAF2WBZB3 error: HTTP 400 for https://api.usaspending.gov/api/v2/search/spending_by_award/ :: {"d
  C78GWMUA3MP4 error: HTTP 400 for https://api.usaspending.gov/api/v2/search/spending_by_award/ :: {"d
  C7A6TWNL8WR4 error: HTTP 400 for https://api.usaspending.gov/api/v2/search/spending_by_award/ :: {"d
  C7EPR81R42H3 error: HTTP 400 for https://api.usaspending.gov/api/v2/search/spending_by_award/ :: {"d
  C7J9WJVJ9JZ9 error: HTTP 400 for https://api.usaspending.gov/api/v2/search/spending_by_award/ :: {"d
  C7JCKW1H7D71 error: HTTP 400 for https://api.usaspending.gov/api/v2/search/spending_by_award/ :: {"d
  C7KGN4D5ZKS5 error: HTTP 400 for https://api.usaspending.gov/api/v2/search/spending_by_award/ :: {"d
  C7KRGG3XVNW3 error: HTTP 400 for https://api.usaspending.gov/api/v2/search/spending_by_award/ :: {"d
  C7KTML8QH9W7 error: HTTP 400 for https://api.usaspending.gov/api/v2/search/spending_by_award/ :: {"d
  C7LANLZSGEE1 error: HTTP 400 for https://api.usaspending.gov/api/v2/search/spending_by_award/ :: {"d
  C7LUJ1U8MY35 error: HTTP 400 for https://api.usaspending.gov/api/v2/search/spending_by_award/ :: {"d
  C7MYUL75K9J1 error: HTTP 400 for https://api.usaspending.gov/api/v2/search/spending_by_award/ :: {"d
  C7NCZ3XBNGH1 error: HTTP 400 for https://api.usaspending.gov/api/v2/search/spending_by_award/ :: {"d
  C7NZTHAH1FF2 error: HTTP 400 for https://api.usaspending.gov/api/v2/search/spending_by_award/ :: {"d
  C7PZN12XA3J1 error: HTTP 400 for https://api.usaspending.gov/api/v2/search/spending_by_award/ :: {"d
  C7RBT5BLNNB1 error: HTTP 400 for https://api.usaspending.gov/api/v2/search/spending_by_award/ :: {"d
  C82MU7ZB9618 error: HTTP 400 for https://api.usaspending.gov/api/v2/search/spending_by_award/ :: {"d
  C82NG4KUJJG3 error: HTTP 400 for https://api.usaspending.gov/api/v2/search/spending_by_award/ :: {"d
  C83FD7GDF7B1 error: HTTP 400 for https://api.usaspending.gov/api/v2/search/spending_by_award/ :: {"d
  C843LJP2LGK7 error: HTTP 400 for https://api.usaspending.gov/api/v2/search/spending_by_award/ :: {"d
  C84LTJNKZF45 error: HTTP 400 for https://api.usaspending.gov/api/v2/search/spending_by_award/ :: {"d
  C85LLDALPFX7 error: HTTP 400 for https://api.usaspending.gov/api/v2/search/spending_by_award/ :: {"d
  C868CENWBJJ5 error: HTTP 400 for https://api.usaspending.gov/api/v2/search/spending_by_award/ :: {"d
  C86KKW618JM3 error: HTTP 400 for https://api.usaspending.gov/api/v2/search/spending_by_award/ :: {"d
  C89ALDVJ4VJ3 error: HTTP 400 for https://api.usaspending.gov/api/v2/search/spending_by_award/ :: {"d
  C8A5FKWNN2G7 error: HTTP 400 for https://api.usaspending.gov/api/v2/search/spending_by_award/ :: {"d
  C8B9R452VCD4 error: HTTP 400 for https://api.usaspending.gov/api/v2/search/spending_by_award/ :: {"d
  C8CZXFR4QNC5 error: HTTP 400 for https://api.usaspending.gov/api/v2/search/spending_by_award/ :: {"d
  C8E6TUF9QK95 error: HTTP 400 for https://api.usaspending.gov/api/v2/search/spending_by_award/ :: {"d
  C8EKKJK67XB1 error: HTTP 400 for https://api.usaspending.gov/api/v2/search/spending_by_award/ :: {"d
  C8GDHPKKLHD5 error: HTTP 400 for https://api.usaspending.gov/api/v2/search/spending_by_award/ :: {"d
  C8H9CNG1VBD9 error: HTTP 400 for https://api.usaspending.gov/api/v2/search/spending_by_award/ :: {"d
  C8JBBZBJK2H4 error: HTTP 400 for https://api.usaspending.gov/api/v2/search/spending_by_award/ :: {"d
  C8JBEETPNYC6 error: HTTP 400 for https://api.usaspending.gov/api/v2/search/spending_by_award/ :: {"d
  C8K5AS4DAYH5 error: HTTP 400 for https://api.usaspending.gov/api/v2/search/spending_by_award/ :: {"d
  C8KFN271CCS6 error: HTTP 400 for https://api.usaspending.gov/api/v2/search/spending_by_award/ :: {"d
  C8KWQBTSN6E7 error: HTTP 400 for https://api.usaspending.gov/api/v2/search/spending_by_award/ :: {"d
  C8M9ATNXPG78 error: HTTP 400 for https://api.usaspending.gov/api/v2/search/spending_by_award/ :: {"d
  C8MKF7GNTNM3 error: HTTP 400 for https://api.usaspending.gov/api/v2/search/spending_by_award/ :: {"d
  C8NAABLKG3J3 error: HTTP 400 for https://api.usaspending.gov/api/v2/search/spending_by_award/ :: {"d
  C8NCLLNGBJD3 error: HTTP 400 for https://api.usaspending.gov/api/v2/search/spending_by_award/ :: {"d
  C8Q3FR2KA2K8 error: HTTP 400 for https://api.usaspending.gov/api/v2/search/spending_by_award/ :: {"d
  C8USBK5DLRF2 error: HTTP 400 for https://api.usaspending.gov/api/v2/search/spending_by_award/ :: {"d
  C8VJHC5ENG59 error: HTTP 400 for https://api.usaspending.gov/api/v2/search/spending_by_award/ :: {"d
  C8VLDLBG3JK7 error: HTTP 400 for https://api.usaspending.gov/api/v2/search/spending_by_award/ :: {"d
  C8ZJBGFGQMJ8 error: HTTP 400 for https://api.usaspending.gov/api/v2/search/spending_by_award/ :: {"d
  C94GLHPNNKN7 error: HTTP 400 for https://api.usaspending.gov/api/v2/search/spending_by_award/ :: {"d
  C94JF5BNY8X6 error: HTTP 400 for https://api.usaspending.gov/api/v2/search/spending_by_award/ :: {"d
  C96HZH52Q6R3 error: HTTP 400 for https://api.usaspending.gov/api/v2/search/spending_by_award/ :: {"d
  C98FBJMN5KQ5 error: HTTP 400 for https://api.usaspending.gov/api/v2/search/spending_by_award/ :: {"d
  C98KZ72UPE68 error: HTTP 400 for https://api.usaspending.gov/api/v2/search/spending_by_award/ :: {"d
  C98LPHRHN3B1 error: HTTP 400 for https://api.usaspending.gov/api/v2/search/spending_by_award/ :: {"d
  C9A2LCRJ1JM7 error: HTTP 400 for https://api.usaspending.gov/api/v2/search/spending_by_award/ :: {"d
  C9DKQ3S5WY45 error: HTTP 400 for https://api.usaspending.gov/api/v2/search/spending_by_award/ :: {"d
  C9DRHY4S6MN5 error: HTTP 400 for https://api.usaspending.gov/api/v2/search/spending_by_award/ :: {"d
  C9DZLAR9MBZ8 error: HTTP 400 for https://api.usaspending.gov/api/v2/search/spending_by_award/ :: {"d
  C9FLWE4URCU6 error: HTTP 400 for https://api.usaspending.gov/api/v2/search/spending_by_award/ :: {"d
  C9GPPNTQFDM4 error: HTTP 400 for https://api.usaspending.gov/api/v2/search/spending_by_award/ :: {"d
  C9HDLVGN96A5 error: HTTP 400 for https://api.usaspending.gov/api/v2/search/spending_by_award/ :: {"d
  C9HSE7LU9M33 error: HTTP 400 for https://api.usaspending.gov/api/v2/search/spending_by_award/ :: {"d
  C9J2M5K32TB4 error: HTTP 400 for https://api.usaspending.gov/api/v2/search/spending_by_award/ :: {"d
  C9LRFW9M7B35 error: HTTP 400 for https://api.usaspending.gov/api/v2/search/spending_by_award/ :: {"d
  C9M8NAF1MU48 error: HTTP 400 for https://api.usaspending.gov/api/v2/search/spending_by_award/ :: {"d
  C9M9FTRJ1963 error: HTTP 400 for https://api.usaspending.gov/api/v2/search/spending_by_award/ :: {"d
  C9NJBA4FBNC5 error: HTTP 400 for https://api.usaspending.gov/api/v2/search/spending_by_award/ :: {"d
  C9NWKJZ37GX3 error: HTTP 400 for https://api.usaspending.gov/api/v2/search/spending_by_award/ :: {"d
  C9P5MDJC7KY7 error: HTTP 400 for https://api.usaspending.gov/api/v2/search/spending_by_award/ :: {"d
  C9PGXUH9QM96 error: HTTP 400 for https://api.usaspending.gov/api/v2/search/spending_by_award/ :: {"d
  C9QPSEDHW2U1 error: HTTP 400 for https://api.usaspending.gov/api/v2/search/spending_by_award/ :: {"d
  C9VHJM1KJ968 error: HTTP 400 for https://api.usaspending.gov/api/v2/search/spending_by_award/ :: {"d
  C9YVCXXCFDL3 error: HTTP 400 for https://api.usaspending.gov/api/v2/search/spending_by_award/ :: {"d
  C9YYWV3PKAC7 error: HTTP 400 for https://api.usaspending.gov/api/v2/search/spending_by_award/ :: {"d
  C9ZFNJVWV2N3 error: HTTP 400 for https://api.usaspending.gov/api/v2/search/spending_by_award/ :: {"d
  C9ZXJT7BJKB8 error: HTTP 400 for https://api.usaspending.gov/api/v2/search/spending_by_award/ :: {"d
  CA4HQCHPSCH6 error: HTTP 400 for https://api.usaspending.gov/api/v2/search/spending_by_award/ :: {"d
  CA59J5ATPLF3 error: HTTP 400 for https://api.usaspending.gov/api/v2/search/spending_by_award/ :: {"d
  CAAAWFCH3T41 error: HTTP 400 for https://api.usaspending.gov/api/v2/search/spending_by_award/ :: {"d
  CACCK5AKRN81 error: HTTP 400 for https://api.usaspending.gov/api/v2/search/spending_by_award/ :: {"d
  CACNQQMMQ1S1 error: HTTP 400 for https://api.usaspending.gov/api/v2/search/spending_by_award/ :: {"d
  CAFBZN877RT3 error: HTTP 400 for https://api.usaspending.gov/api/v2/search/spending_by_award/ :: {"d
  CAGKEQBQASY4 error: HTTP 400 for https://api.usaspending.gov/api/v2/search/spending_by_award/ :: {"d
  CAJXJJBPNJ68 error: HTTP 400 for https://api.usaspending.gov/api/v2/search/spending_by_award/ :: {"d
  CAKKYD3GVWK3 error: HTTP 400 for https://api.usaspending.gov/api/v2/search/spending_by_award/ :: {"d
  CALSL95AGFX7 error: HTTP 400 for https://api.usaspending.gov/api/v2/search/spending_by_award/ :: {"d
  CALWXPJNNL54 error: HTTP 400 for https://api.usaspending.gov/api/v2/search/spending_by_award/ :: {"d
  CAPEZNKZFH99 error: HTTP 400 for https://api.usaspending.gov/api/v2/search/spending_by_award/ :: {"d
  CASQPKW1LPV6 error: HTTP 400 for https://api.usaspending.gov/api/v2/search/spending_by_award/ :: {"d
  CAUJM9NSHTY9 error: HTTP 400 for https://api.usaspending.gov/api/v2/search/spending_by_award/ :: {"d
  CAV8MF1RCG64 error: HTTP 400 for https://api.usaspending.gov/api/v2/search/spending_by_award/ :: {"d
  CAVHHB8SKBN1 error: HTTP 400 for https://api.usaspending.gov/api/v2/search/spending_by_award/ :: {"d
  CAZMLX7XC815 error: HTTP 400 for https://api.usaspending.gov/api/v2/search/spending_by_award/ :: {"d
  CAZMUCTVXE15 error: HTTP 400 for https://api.usaspending.gov/api/v2/search/spending_by_award/ :: {"d
  CB32MRF5CRK5 error: HTTP 400 for https://api.usaspending.gov/api/v2/search/spending_by_award/ :: {"d
  CB52PP94GAD5 error: HTTP 400 for https://api.usaspending.gov/api/v2/search/spending_by_award/ :: {"d
  CB7ANBL9CFK5 error: HTTP 400 for https://api.usaspending.gov/api/v2/search/spending_by_award/ :: {"d
  CB83JQ4AGTU4 error: HTTP 400 for https://api.usaspending.gov/api/v2/search/spending_by_award/ :: {"d
  CBA2A1W61EV6 error: HTTP 400 for https://api.usaspending.gov/api/v2/search/spending_by_award/ :: {"d
  CBA2DX914EJ4 error: HTTP 400 for https://api.usaspending.gov/api/v2/search/spending_by_award/ :: {"d
  CBA4FT6HAWL7 error: HTTP 400 for https://api.usaspending.gov/api/v2/search/spending_by_award/ :: {"d
  CBBHL6LJ3845 error: HTTP 400 for https://api.usaspending.gov/api/v2/search/spending_by_award/ :: {"d
  CBCDMNJHARK5 error: HTTP 400 for https://api.usaspending.gov/api/v2/search/spending_by_award/ :: {"d
  CBCMRLXMUWC1 error: HTTP 400 for https://api.usaspending.gov/api/v2/search/spending_by_award/ :: {"d
  CBDUYGZ4LCE1 error: HTTP 400 for https://api.usaspending.gov/api/v2/search/spending_by_award/ :: {"d
  CBDXKNH7L5H9 error: HTTP 400 for https://api.usaspending.gov/api/v2/search/spending_by_award/ :: {"d
  CBEEMNL2XM11 error: HTTP 400 for https://api.usaspending.gov/api/v2/search/spending_by_award/ :: {"d
  CBEMLJBKLZB4 error: HTTP 400 for https://api.usaspending.gov/api/v2/search/spending_by_award/ :: {"d
  CBESDGJG85Y3 error: HTTP 400 for https://api.usaspending.gov/api/v2/search/spending_by_award/ :: {"d
  CBEWK763KN99 error: HTTP 400 for https://api.usaspending.gov/api/v2/search/spending_by_award/ :: {"d
  CBHNGU5QNM33 error: HTTP 400 for https://api.usaspending.gov/api/v2/search/spending_by_award/ :: {"d
  CBM1U23HUPK5 error: HTTP 400 for https://api.usaspending.gov/api/v2/search/spending_by_award/ :: {"d
  CBMKLJNVNXX9 error: HTTP 400 for https://api.usaspending.gov/api/v2/search/spending_by_award/ :: {"d
  CBN5X6SDAN57 error: HTTP 400 for https://api.usaspending.gov/api/v2/search/spending_by_award/ :: {"d
  CBPFNNJYY9Q1 error: HTTP 400 for https://api.usaspending.gov/api/v2/search/spending_by_award/ :: {"d
  CBSFJYNJFW85 error: HTTP 400 for https://api.usaspending.gov/api/v2/search/spending_by_award/ :: {"d
  CBSTC5AEHMV3 error: HTTP 400 for https://api.usaspending.gov/api/v2/search/spending_by_award/ :: {"d
  CBU8QW2476E4 error: HTTP 400 for https://api.usaspending.gov/api/v2/search/spending_by_award/ :: {"d
  CBVGALEXQ8K3 error: HTTP 400 for https://api.usaspending.gov/api/v2/search/spending_by_award/ :: {"d
  CBVLAPELGYJ5 error: HTTP 400 for https://api.usaspending.gov/api/v2/search/spending_by_award/ :: {"d
  CBY7F25N8B22 error: HTTP 400 for https://api.usaspending.gov/api/v2/search/spending_by_award/ :: {"d
  CBYASLYK7CQ5 error: HTTP 400 for https://api.usaspending.gov/api/v2/search/spending_by_award/ :: {"d
  CC1DEZT4QVT9 error: HTTP 400 for https://api.usaspending.gov/api/v2/search/spending_by_award/ :: {"d
  CC3FE7CNZSF7 error: HTTP 400 for https://api.usaspending.gov/api/v2/search/spending_by_award/ :: {"d
  CC3GQMCJNMS6 error: HTTP 400 for https://api.usaspending.gov/api/v2/search/spending_by_award/ :: {"d
  CC3SCLB8KQB1 error: HTTP 400 for https://api.usaspending.gov/api/v2/search/spending_by_award/ :: {"d
  CC4HHHTM66J7 error: HTTP 400 for https://api.usaspending.gov/api/v2/search/spending_by_award/ :: {"d
  CC9GCSEE67E5 error: HTTP 400 for https://api.usaspending.gov/api/v2/search/spending_by_award/ :: {"d
  CCAGEJLAFRJ3 error: HTTP 400 for https://api.usaspending.gov/api/v2/search/spending_by_award/ :: {"d
  CCCEF8615R76 error: HTTP 400 for https://api.usaspending.gov/api/v2/search/spending_by_award/ :: {"d
  CCCMM2Z6GTN5 error: HTTP 400 for https://api.usaspending.gov/api/v2/search/spending_by_award/ :: {"d
  CCDSA5ZCN9W4 error: HTTP 400 for https://api.usaspending.gov/api/v2/search/spending_by_award/ :: {"d
  CCGDPLBVLMJ4 error: HTTP 400 for https://api.usaspending.gov/api/v2/search/spending_by_award/ :: {"d
  CCGEFFWW1KY4 error: HTTP 400 for https://api.usaspending.gov/api/v2/search/spending_by_award/ :: {"d
  CCGSSG8K8WS5 error: HTTP 400 for https://api.usaspending.gov/api/v2/search/spending_by_award/ :: {"d
  CCHDP2ZWYYT3 error: HTTP 400 for https://api.usaspending.gov/api/v2/search/spending_by_award/ :: {"d
  CCHEL5D18TK1 error: HTTP 400 for https://api.usaspending.gov/api/v2/search/spending_by_award/ :: {"d
  CCJDPL3KXR47 error: HTTP 400 for https://api.usaspending.gov/api/v2/search/spending_by_award/ :: {"d
  CCJLV44HJAG5 error: HTTP 400 for https://api.usaspending.gov/api/v2/search/spending_by_award/ :: {"d
  CCK6H28XN9E3 error: HTTP 400 for https://api.usaspending.gov/api/v2/search/spending_by_award/ :: {"d
  CCKMGHAD3HZ5 error: HTTP 400 for https://api.usaspending.gov/api/v2/search/spending_by_award/ :: {"d
  CCKZRUP78MC6 error: HTTP 400 for https://api.usaspending.gov/api/v2/search/spending_by_award/ :: {"d
  CCL2BN6C3DT7 error: HTTP 400 for https://api.usaspending.gov/api/v2/search/spending_by_award/ :: {"d
  CCLVJ447VKN6 error: HTTP 400 for https://api.usaspending.gov/api/v2/search/spending_by_award/ :: {"d
  CCM4A69GM459 error: HTTP 400 for https://api.usaspending.gov/api/v2/search/spending_by_award/ :: {"d
  CCPKNFBVF551 error: HTTP 400 for https://api.usaspending.gov/api/v2/search/spending_by_award/ :: {"d
  CCPRLHRL2AV3 error: HTTP 400 for https://api.usaspending.gov/api/v2/search/spending_by_award/ :: {"d
  400/17687 UEIs, 18940 awards (0.0 UEI/s)
  CCQAK9U4NFH5 error: HTTP 400 for https://api.usaspending.gov/api/v2/search/spending_by_award/ :: {"d
  CCQEMFNQ9JM5 error: HTTP 400 for https://api.usaspending.gov/api/v2/search/spending_by_award/ :: {"d
  CCRVKJ6FN986 error: HTTP 400 for https://api.usaspending.gov/api/v2/search/spending_by_award/ :: {"d
  CCT1STEMH3R8 error: HTTP 400 for https://api.usaspending.gov/api/v2/search/spending_by_award/ :: {"d
  CCVGVNJEKNW3 error: HTTP 400 for https://api.usaspending.gov/api/v2/search/spending_by_award/ :: {"d
  CCWLZMB53MZ9 error: HTTP 400 for https://api.usaspending.gov/api/v2/search/spending_by_award/ :: {"d
  CCWTQZMSKTT4 error: HTTP 400 for https://api.usaspending.gov/api/v2/search/spending_by_award/ :: {"d
  CCYNMM9CA497 error: HTTP 400 for https://api.usaspending.gov/api/v2/search/spending_by_award/ :: {"d
  CCZ1R4JL2GU4 error: HTTP 400 for https://api.usaspending.gov/api/v2/search/spending_by_award/ :: {"d
  CCZJGRYNEML9 error: HTTP 400 for https://api.usaspending.gov/api/v2/search/spending_by_award/ :: {"d
  CD3ZGGTAL7D8 error: HTTP 400 for https://api.usaspending.gov/api/v2/search/spending_by_award/ :: {"d
  CD43BJU8K848 error: HTTP 400 for https://api.usaspending.gov/api/v2/search/spending_by_award/ :: {"d
  CD49P54WVMG5 error: HTTP 400 for https://api.usaspending.gov/api/v2/search/spending_by_award/ :: {"d
  CD4CKZBXL5Q1 error: HTTP 400 for https://api.usaspending.gov/api/v2/search/spending_by_award/ :: {"d
  CD53BKGMJJN3 error: HTTP 400 for https://api.usaspending.gov/api/v2/search/spending_by_award/ :: {"d
  CDCKQ9CMCHS8 error: HTTP 400 for https://api.usaspending.gov/api/v2/search/spending_by_award/ :: {"d
  CDDCZVATW2W1 error: HTTP 400 for https://api.usaspending.gov/api/v2/search/spending_by_award/ :: {"d
  CDDLGMCF59T1 error: HTTP 400 for https://api.usaspending.gov/api/v2/search/spending_by_award/ :: {"d
  CDE6MJRCKQL7 error: HTTP 400 for https://api.usaspending.gov/api/v2/search/spending_by_award/ :: {"d
  CDEZZSTCZTR5 error: HTTP 400 for https://api.usaspending.gov/api/v2/search/spending_by_award/ :: {"d
  CDH8ZET8NEQ6 error: HTTP 400 for https://api.usaspending.gov/api/v2/search/spending_by_award/ :: {"d
  CDKAVYMBX364 error: HTTP 400 for https://api.usaspending.gov/api/v2/search/spending_by_award/ :: {"d
  CDKZJJE5HGR3 error: HTTP 400 for https://api.usaspending.gov/api/v2/search/spending_by_award/ :: {"d
  CDLNDZH3XKW5 error: HTTP 400 for https://api.usaspending.gov/api/v2/search/spending_by_award/ :: {"d
  CDMTJARFDZZ4 error: HTTP 400 for https://api.usaspending.gov/api/v2/search/spending_by_award/ :: {"d
  CDN1K4W61YF8 error: HTTP 400 for https://api.usaspending.gov/api/v2/search/spending_by_award/ :: {"d
  CDNEQD51X9E5 error: HTTP 400 for https://api.usaspending.gov/api/v2/search/spending_by_award/ :: {"d
  CDQGFKMH7LY5 error: HTTP 400 for https://api.usaspending.gov/api/v2/search/spending_by_award/ :: {"d
  CDQMJJDKRWH5 error: HTTP 400 for https://api.usaspending.gov/api/v2/search/spending_by_award/ :: {"d
  CDQXLV7RAK98 error: HTTP 400 for https://api.usaspending.gov/api/v2/search/spending_by_award/ :: {"d
  CDRBWXUMFCT7 error: HTTP 400 for https://api.usaspending.gov/api/v2/search/spending_by_award/ :: {"d
  CDTEHDB3SME5 error: HTTP 400 for https://api.usaspending.gov/api/v2/search/spending_by_award/ :: {"d
  CDURPXC4FGZ5 error: HTTP 400 for https://api.usaspending.gov/api/v2/search/spending_by_award/ :: {"d
  CDVSG3NKJ1D7 error: HTTP 400 for https://api.usaspending.gov/api/v2/search/spending_by_award/ :: {"d
  CDW6DWFCD5F3 error: HTTP 400 for https://api.usaspending.gov/api/v2/search/spending_by_award/ :: {"d
  CDXWN3B8CKL5 error: HTTP 400 for https://api.usaspending.gov/api/v2/search/spending_by_award/ :: {"d
  CDXZJJE5HGR3 error: HTTP 400 for https://api.usaspending.gov/api/v2/search/spending_by_award/ :: {"d
  CDYWDVS1Y4N6 error: HTTP 400 for https://api.usaspending.gov/api/v2/search/spending_by_award/ :: {"d
  CDZBMZEDV279 error: HTTP 400 for https://api.usaspending.gov/api/v2/search/spending_by_award/ :: {"d
  CDZJAJJHJMH5 error: HTTP 400 for https://api.usaspending.gov/api/v2/search/spending_by_award/ :: {"d
  CDZLH2NA3G65 error: HTTP 400 for https://api.usaspending.gov/api/v2/search/spending_by_award/ :: {"d
  CDZRTSD7KB15 error: HTTP 400 for https://api.usaspending.gov/api/v2/search/spending_by_award/ :: {"d
  CE1HDNUCFKC7 error: HTTP 400 for https://api.usaspending.gov/api/v2/search/spending_by_award/ :: {"d
  CE1SFAN131F6 error: HTTP 400 for https://api.usaspending.gov/api/v2/search/spending_by_award/ :: {"d
  CE3AGFLHUAD5 error: HTTP 400 for https://api.usaspending.gov/api/v2/search/spending_by_award/ :: {"d
  CE5ALHB5Z7F7 error: HTTP 400 for https://api.usaspending.gov/api/v2/search/spending_by_award/ :: {"d
  CE5JV8E9K4S3 error: HTTP 400 for https://api.usaspending.gov/api/v2/search/spending_by_award/ :: {"d
  CE5KUCEMVD97 error: HTTP 400 for https://api.usaspending.gov/api/v2/search/spending_by_award/ :: {"d
  CE8HDHA4JKN3 error: HTTP 400 for https://api.usaspending.gov/api/v2/search/spending_by_award/ :: {"d
  CE9BS1TKEE85 error: HTTP 400 for https://api.usaspending.gov/api/v2/search/spending_by_award/ :: {"d
  CE9RXF9ZF1U9 error: HTTP 400 for https://api.usaspending.gov/api/v2/search/spending_by_award/ :: {"d
  CEFUKVANYGA6 error: HTTP 400 for https://api.usaspending.gov/api/v2/search/spending_by_award/ :: {"d
  CEH6LY369LK1 error: HTTP 400 for https://api.usaspending.gov/api/v2/search/spending_by_award/ :: {"d
  CEJGR9KUE6U3 error: HTTP 400 for https://api.usaspending.gov/api/v2/search/spending_by_award/ :: {"d
  CEKKQKASFJM6 error: HTTP 400 for https://api.usaspending.gov/api/v2/search/spending_by_award/ :: {"d
  CEKKUG9W62L3 error: HTTP 400 for https://api.usaspending.gov/api/v2/search/spending_by_award/ :: {"d
  CELZYVHYC5D7 error: HTTP 400 for https://api.usaspending.gov/api/v2/search/spending_by_award/ :: {"d
  CEMBKLBU3UC5 error: HTTP 400 for https://api.usaspending.gov/api/v2/search/spending_by_award/ :: {"d
  CENALU3GP1A3 error: HTTP 400 for https://api.usaspending.gov/api/v2/search/spending_by_award/ :: {"d
  CEPKFA9EMVP1 error: HTTP 400 for https://api.usaspending.gov/api/v2/search/spending_by_award/ :: {"d
  CEPPCZN45FS8 error: HTTP 400 for https://api.usaspending.gov/api/v2/search/spending_by_award/ :: {"d
  CERMNL38D2V3 error: HTTP 400 for https://api.usaspending.gov/api/v2/search/spending_by_award/ :: {"d
  CET5MYVNZH69 error: HTTP 400 for https://api.usaspending.gov/api/v2/search/spending_by_award/ :: {"d
  CETCPF7VE9W6 error: HTTP 400 for https://api.usaspending.gov/api/v2/search/spending_by_award/ :: {"d
  CEU5M9HM39T9 error: HTTP 400 for https://api.usaspending.gov/api/v2/search/spending_by_award/ :: {"d
  CEWKS3L413L8 error: HTTP 400 for https://api.usaspending.gov/api/v2/search/spending_by_award/ :: {"d
  CEX7F74WQ8B5 error: HTTP 400 for https://api.usaspending.gov/api/v2/search/spending_by_award/ :: {"d
  CEYXGX3MNQ33 error: HTTP 400 for https://api.usaspending.gov/api/v2/search/spending_by_award/ :: {"d
  CEZ5BMNB4MT4 error: HTTP 400 for https://api.usaspending.gov/api/v2/search/spending_by_award/ :: {"d
  CF12LEGDT235 error: HTTP 400 for https://api.usaspending.gov/api/v2/search/spending_by_award/ :: {"d
  CF1ALKKX1WQ2 error: HTTP 400 for https://api.usaspending.gov/api/v2/search/spending_by_award/ :: {"d
  CF2QLVHJTBD7 error: HTTP 400 for https://api.usaspending.gov/api/v2/search/spending_by_award/ :: {"d
  CF36NCELSUU6 error: HTTP 400 for https://api.usaspending.gov/api/v2/search/spending_by_award/ :: {"d
  CF37NJHJLTR4 error: HTTP 400 for https://api.usaspending.gov/api/v2/search/spending_by_award/ :: {"d
  CF3XG46HAWE8 error: HTTP 400 for https://api.usaspending.gov/api/v2/search/spending_by_award/ :: {"d
  CF41ED1ALVQ4 error: HTTP 400 for https://api.usaspending.gov/api/v2/search/spending_by_award/ :: {"d
  CF4MGG2PLNF5 error: HTTP 400 for https://api.usaspending.gov/api/v2/search/spending_by_award/ :: {"d
  CF4VUECEJWY9 error: HTTP 400 for https://api.usaspending.gov/api/v2/search/spending_by_award/ :: {"d
  CF5MWWT5VG79 error: HTTP 400 for https://api.usaspending.gov/api/v2/search/spending_by_award/ :: {"d
  CF6UL6NHGJ45 error: HTTP 400 for https://api.usaspending.gov/api/v2/search/spending_by_award/ :: {"d
  CFD3ZFMMRAS6 error: HTTP 400 for https://api.usaspending.gov/api/v2/search/spending_by_award/ :: {"d
  CFDEQ9CXMX48 error: HTTP 400 for https://api.usaspending.gov/api/v2/search/spending_by_award/ :: {"d
  CFE4YG9DGKX5 error: HTTP 400 for https://api.usaspending.gov/api/v2/search/spending_by_award/ :: {"d
  CFEAW9MRNHN6 error: HTTP 400 for https://api.usaspending.gov/api/v2/search/spending_by_award/ :: {"d
  CFFCDKP4T965 error: HTTP 400 for https://api.usaspending.gov/api/v2/search/spending_by_award/ :: {"d
  CFFEAHSLZUM5 error: HTTP 400 for https://api.usaspending.gov/api/v2/search/spending_by_award/ :: {"d
  CFG3BZ7XKP67 error: HTTP 400 for https://api.usaspending.gov/api/v2/search/spending_by_award/ :: {"d
  CFGGUFKJ3GJ3 error: HTTP 400 for https://api.usaspending.gov/api/v2/search/spending_by_award/ :: {"d
  CFGTG72BCFL9 error: HTTP 400 for https://api.usaspending.gov/api/v2/search/spending_by_award/ :: {"d
  CFKXL167GJV6 error: HTTP 400 for https://api.usaspending.gov/api/v2/search/spending_by_award/ :: {"d
  CFLWSHQJQ2L7 error: HTTP 400 for https://api.usaspending.gov/api/v2/search/spending_by_award/ :: {"d
  CFMVPK8D17Y8 error: HTTP 400 for https://api.usaspending.gov/api/v2/search/spending_by_award/ :: {"d
  CFQANXL3M853 error: HTTP 400 for https://api.usaspending.gov/api/v2/search/spending_by_award/ :: {"d
  CFRSQXJ55DJ7 error: HTTP 400 for https://api.usaspending.gov/api/v2/search/spending_by_award/ :: {"d
  CFRSWXJ55DJ7 error: HTTP 400 for https://api.usaspending.gov/api/v2/search/spending_by_award/ :: {"d
  CFRYVNMY9WV8 error: HTTP 400 for https://api.usaspending.gov/api/v2/search/spending_by_award/ :: {"d
  CFSKQUNGLVX8 error: HTTP 400 for https://api.usaspending.gov/api/v2/search/spending_by_award/ :: {"d
  CFSNNNMZVXK5 error: HTTP 400 for https://api.usaspending.gov/api/v2/search/spending_by_award/ :: {"d
  CFUNEEKXAD95 error: HTTP 400 for https://api.usaspending.gov/api/v2/search/spending_by_award/ :: {"d
  CFWCKNWR2JN9 error: HTTP 400 for https://api.usaspending.gov/api/v2/search/spending_by_award/ :: {"d
  CFXCX2J894V5 error: HTTP 400 for https://api.usaspending.gov/api/v2/search/spending_by_award/ :: {"d
  CFY7LCAH8L99 error: HTTP 400 for https://api.usaspending.gov/api/v2/search/spending_by_award/ :: {"d
  CFZ6GJULYEH9 error: HTTP 400 for https://api.usaspending.gov/api/v2/search/spending_by_award/ :: {"d
  CFZQFYLYFFC4 error: HTTP 400 for https://api.usaspending.gov/api/v2/search/spending_by_award/ :: {"d
  CG13JYCPEFM6 error: HTTP 400 for https://api.usaspending.gov/api/v2/search/spending_by_award/ :: {"d
  CG2QDY4L19F3 error: HTTP 400 for https://api.usaspending.gov/api/v2/search/spending_by_award/ :: {"d
  CG54FXDC3C91 error: HTTP 400 for https://api.usaspending.gov/api/v2/search/spending_by_award/ :: {"d
  CG5MKQNGAD27 error: HTTP 400 for https://api.usaspending.gov/api/v2/search/spending_by_award/ :: {"d
  CG7SE4V1PQY5 error: HTTP 400 for https://api.usaspending.gov/api/v2/search/spending_by_award/ :: {"d
  CGD7N7VDJPU3 error: HTTP 400 for https://api.usaspending.gov/api/v2/search/spending_by_award/ :: {"d
  CGDDBEE2DKC5 error: HTTP 400 for https://api.usaspending.gov/api/v2/search/spending_by_award/ :: {"d
  CGDKSUBRTBN4 error: HTTP 400 for https://api.usaspending.gov/api/v2/search/spending_by_award/ :: {"d
  CGFYNK327GQ8 error: HTTP 400 for https://api.usaspending.gov/api/v2/search/spending_by_award/ :: {"d
  CGJ6NG31PRJ5 error: HTTP 400 for https://api.usaspending.gov/api/v2/search/spending_by_award/ :: {"d
  CGJ7UZCGBHJ6 error: HTTP 400 for https://api.usaspending.gov/api/v2/search/spending_by_award/ :: {"d
  CGJAA25W6GZ1 error: HTTP 400 for https://api.usaspending.gov/api/v2/search/spending_by_award/ :: {"d
  CGJRH6N4H3U1 error: HTTP 400 for https://api.usaspending.gov/api/v2/search/spending_by_award/ :: {"d
  CGM7GXSJN8D5 error: HTTP 400 for https://api.usaspending.gov/api/v2/search/spending_by_award/ :: {"d
  CGNNSBQHDT55 error: HTTP 400 for https://api.usaspending.gov/api/v2/search/spending_by_award/ :: {"d
  CGP2NJ6LSEB8 error: HTTP 400 for https://api.usaspending.gov/api/v2/search/spending_by_award/ :: {"d
  CGQ2E6PCM797 error: HTTP 400 for https://api.usaspending.gov/api/v2/search/spending_by_award/ :: {"d
  CGRJQNX3GK29 error: HTTP 400 for https://api.usaspending.gov/api/v2/search/spending_by_award/ :: {"d
  CGVCW8UFSK21 error: HTTP 400 for https://api.usaspending.gov/api/v2/search/spending_by_award/ :: {"d
  CGW2AKPNNK48 error: HTTP 400 for https://api.usaspending.gov/api/v2/search/spending_by_award/ :: {"d
  CGW6ZEB6NAA5 error: HTTP 400 for https://api.usaspending.gov/api/v2/search/spending_by_award/ :: {"d
  CGWAKNW9BAD5 error: HTTP 400 for https://api.usaspending.gov/api/v2/search/spending_by_award/ :: {"d
  CH1UML97VCQ1 error: HTTP 400 for https://api.usaspending.gov/api/v2/search/spending_by_award/ :: {"d
  CH39F63LS4H5 error: HTTP 400 for https://api.usaspending.gov/api/v2/search/spending_by_award/ :: {"d
  CH5ECC731G17 error: HTTP 400 for https://api.usaspending.gov/api/v2/search/spending_by_award/ :: {"d
  CH6QTM2K95W1 error: HTTP 400 for https://api.usaspending.gov/api/v2/search/spending_by_award/ :: {"d
  CH7FHMUSKHA7 error: HTTP 400 for https://api.usaspending.gov/api/v2/search/spending_by_award/ :: {"d
  CH7PFEADFRK3 error: HTTP 400 for https://api.usaspending.gov/api/v2/search/spending_by_award/ :: {"d
  CH7PR8S5Y183 error: HTTP 400 for https://api.usaspending.gov/api/v2/search/spending_by_award/ :: {"d
  CH8MR5ENJKZ1 error: HTTP 400 for https://api.usaspending.gov/api/v2/search/spending_by_award/ :: {"d
  CH9XY8AX7BD8 error: HTTP 400 for https://api.usaspending.gov/api/v2/search/spending_by_award/ :: {"d
  CHAFKLVYSTJ8 error: HTTP 400 for https://api.usaspending.gov/api/v2/search/spending_by_award/ :: {"d
  CHCFR4VGR565 error: HTTP 400 for https://api.usaspending.gov/api/v2/search/spending_by_award/ :: {"d
  CHCLJVWKE9P7 error: HTTP 400 for https://api.usaspending.gov/api/v2/search/spending_by_award/ :: {"d
  CHF8B4C537H6 error: HTTP 400 for https://api.usaspending.gov/api/v2/search/spending_by_award/ :: {"d
  CHGEEXTCMRM9 error: HTTP 400 for https://api.usaspending.gov/api/v2/search/spending_by_award/ :: {"d
  CHHLUKTBFLL1 error: HTTP 400 for https://api.usaspending.gov/api/v2/search/spending_by_award/ :: {"d
  CHHTHS93MFR3 error: HTTP 400 for https://api.usaspending.gov/api/v2/search/spending_by_award/ :: {"d
  CHK3SBXVV7X9 error: HTTP 400 for https://api.usaspending.gov/api/v2/search/spending_by_award/ :: {"d
  CHK4WCRJ5EM7 error: HTTP 400 for https://api.usaspending.gov/api/v2/search/spending_by_award/ :: {"d
  CHKHNHBWVPG3 error: HTTP 400 for https://api.usaspending.gov/api/v2/search/spending_by_award/ :: {"d
  CHKNBXENN815 error: HTTP 400 for https://api.usaspending.gov/api/v2/search/spending_by_award/ :: {"d
  CHLGEG5FR2Y9 error: HTTP 400 for https://api.usaspending.gov/api/v2/search/spending_by_award/ :: {"d
  CHLPCULMAJB1 error: HTTP 400 for https://api.usaspending.gov/api/v2/search/spending_by_award/ :: {"d
  CHMZK96GKUV6 error: HTTP 400 for https://api.usaspending.gov/api/v2/search/spending_by_award/ :: {"d
  CHN9NMEENFW3 error: HTTP 400 for https://api.usaspending.gov/api/v2/search/spending_by_award/ :: {"d
  CHW9JLHT5684 error: HTTP 400 for https://api.usaspending.gov/api/v2/search/spending_by_award/ :: {"d
  CHWRM9LMDY81 error: HTTP 400 for https://api.usaspending.gov/api/v2/search/spending_by_award/ :: {"d
  CJ18YRELJB75 error: HTTP 400 for https://api.usaspending.gov/api/v2/search/spending_by_award/ :: {"d
  CJ1TRCKJLYE5 error: HTTP 400 for https://api.usaspending.gov/api/v2/search/spending_by_award/ :: {"d
  CJ31DJYT5Y98 error: HTTP 400 for https://api.usaspending.gov/api/v2/search/spending_by_award/ :: {"d
  CJ5EXCVDPJS6 error: HTTP 400 for https://api.usaspending.gov/api/v2/search/spending_by_award/ :: {"d
  CJ5KB1UJU3A4 error: HTTP 400 for https://api.usaspending.gov/api/v2/search/spending_by_award/ :: {"d
  CJ6DT5L7W9M3 error: HTTP 400 for https://api.usaspending.gov/api/v2/search/spending_by_award/ :: {"d
  CJ9VFA7396S3 error: HTTP 400 for https://api.usaspending.gov/api/v2/search/spending_by_award/ :: {"d
  CJAAYN7JEPJ4 error: HTTP 400 for https://api.usaspending.gov/api/v2/search/spending_by_award/ :: {"d
  CJB8AJJYM7L5 error: HTTP 400 for https://api.usaspending.gov/api/v2/search/spending_by_award/ :: {"d
  CJBHKAHY5F77 error: HTTP 400 for https://api.usaspending.gov/api/v2/search/spending_by_award/ :: {"d
  CJBNXNM4KB69 error: HTTP 400 for https://api.usaspending.gov/api/v2/search/spending_by_award/ :: {"d
  CJBVG6GK66Q5 error: HTTP 400 for https://api.usaspending.gov/api/v2/search/spending_by_award/ :: {"d
  CJD2TBFD18U3 error: HTTP 400 for https://api.usaspending.gov/api/v2/search/spending_by_award/ :: {"d
  CJDHBKACPKC4 error: HTTP 400 for https://api.usaspending.gov/api/v2/search/spending_by_award/ :: {"d
  CJDLEAMSNV95 error: HTTP 400 for https://api.usaspending.gov/api/v2/search/spending_by_award/ :: {"d
  CJE1MLA6WYZ5 error: HTTP 400 for https://api.usaspending.gov/api/v2/search/spending_by_award/ :: {"d
  CJEELRDZ8PJ5 error: HTTP 400 for https://api.usaspending.gov/api/v2/search/spending_by_award/ :: {"d
  CJFYYJTK9TE5 error: HTTP 400 for https://api.usaspending.gov/api/v2/search/spending_by_award/ :: {"d
  CJG1R615ML85 error: HTTP 400 for https://api.usaspending.gov/api/v2/search/spending_by_award/ :: {"d
  CJG2DJGB8NX5 error: HTTP 400 for https://api.usaspending.gov/api/v2/search/spending_by_award/ :: {"d
  CJGNEQNZR6K5 error: HTTP 400 for https://api.usaspending.gov/api/v2/search/spending_by_award/ :: {"d
  CJJ4ATAXGGC7 error: HTTP 400 for https://api.usaspending.gov/api/v2/search/spending_by_award/ :: {"d
  CJJGNN7KKH58 error: HTTP 400 for https://api.usaspending.gov/api/v2/search/spending_by_award/ :: {"d
  CJJHMRJEJ7J9 error: HTTP 400 for https://api.usaspending.gov/api/v2/search/spending_by_award/ :: {"d
  CJJKBJKFAHM9 error: HTTP 400 for https://api.usaspending.gov/api/v2/search/spending_by_award/ :: {"d
  CJLZT9USJKR8 error: HTTP 400 for https://api.usaspending.gov/api/v2/search/spending_by_award/ :: {"d
  CJM9JAPY76H9 error: HTTP 400 for https://api.usaspending.gov/api/v2/search/spending_by_award/ :: {"d
  CJMAFSXAU1T3 error: HTTP 400 for https://api.usaspending.gov/api/v2/search/spending_by_award/ :: {"d
  CJNJJ1YKN4A3 error: HTTP 400 for https://api.usaspending.gov/api/v2/search/spending_by_award/ :: {"d
  CJPKNLFXA173 error: HTTP 400 for https://api.usaspending.gov/api/v2/search/spending_by_award/ :: {"d
  CJPLE1AUB9M5 error: HTTP 400 for https://api.usaspending.gov/api/v2/search/spending_by_award/ :: {"d
  CJRHV3RXNES1 error: HTTP 400 for https://api.usaspending.gov/api/v2/search/spending_by_award/ :: {"d
  CJRMV16KQYN3 error: HTTP 400 for https://api.usaspending.gov/api/v2/search/spending_by_award/ :: {"d
  CJS8AB4SCLJ7 error: HTTP 400 for https://api.usaspending.gov/api/v2/search/spending_by_award/ :: {"d
  CJSDFEVMMAR1 error: HTTP 400 for https://api.usaspending.gov/api/v2/search/spending_by_award/ :: {"d
  CJSZQK5GB154 error: HTTP 400 for https://api.usaspending.gov/api/v2/search/spending_by_award/ :: {"d
  CJTEQKKB6SF8 error: HTTP 400 for https://api.usaspending.gov/api/v2/search/spending_by_award/ :: {"d
  CJVNKBFJUCJ8 error: HTTP 400 for https://api.usaspending.gov/api/v2/search/spending_by_award/ :: {"d
  CJVYR6ALJJN6 error: HTTP 400 for https://api.usaspending.gov/api/v2/search/spending_by_award/ :: {"d
  CJWSTMPYVNQ6 error: HTTP 400 for https://api.usaspending.gov/api/v2/search/spending_by_award/ :: {"d
  CJWVN7916DS4 error: HTTP 400 for https://api.usaspending.gov/api/v2/search/spending_by_award/ :: {"d
  CK1MDQAWQ9G5 error: HTTP 400 for https://api.usaspending.gov/api/v2/search/spending_by_award/ :: {"d
  CK2BRTLYZXU1 error: HTTP 400 for https://api.usaspending.gov/api/v2/search/spending_by_award/ :: {"d
  CK3HQ84NC7M8 error: HTTP 400 for https://api.usaspending.gov/api/v2/search/spending_by_award/ :: {"d
  CK4TYNDHPLA5 error: HTTP 400 for https://api.usaspending.gov/api/v2/search/spending_by_award/ :: {"d
  CK5NHBHMFLU3 error: HTTP 400 for https://api.usaspending.gov/api/v2/search/spending_by_award/ :: {"d
  CK5YYKJDLPF1 error: HTTP 400 for https://api.usaspending.gov/api/v2/search/spending_by_award/ :: {"d
  CK6DFBUN81J3 error: HTTP 400 for https://api.usaspending.gov/api/v2/search/spending_by_award/ :: {"d
  600/17687 UEIs, 27854 awards (0.0 UEI/s)
  CK6VVW3KKRJ5 error: HTTP 400 for https://api.usaspending.gov/api/v2/search/spending_by_award/ :: {"d
  CK7GG9CE5TT4 error: HTTP 400 for https://api.usaspending.gov/api/v2/search/spending_by_award/ :: {"d
  CK7NH1CGPYA4 error: HTTP 400 for https://api.usaspending.gov/api/v2/search/spending_by_award/ :: {"d
  CK9CNLPNKLK5 error: HTTP 400 for https://api.usaspending.gov/api/v2/search/spending_by_award/ :: {"d
  CKA9Q3H2PXH7 error: HTTP 400 for https://api.usaspending.gov/api/v2/search/spending_by_award/ :: {"d
  CKBCEK2UWFG7 error: HTTP 400 for https://api.usaspending.gov/api/v2/search/spending_by_award/ :: {"d
  CKCDV2K4LVE3 error: HTTP 400 for https://api.usaspending.gov/api/v2/search/spending_by_award/ :: {"d
  CKCGLGQMKJ53 error: HTTP 400 for https://api.usaspending.gov/api/v2/search/spending_by_award/ :: {"d
  CKCUTB428AQ8 error: HTTP 400 for https://api.usaspending.gov/api/v2/search/spending_by_award/ :: {"d
  CKCVSQJMNKT1 error: HTTP 400 for https://api.usaspending.gov/api/v2/search/spending_by_award/ :: {"d
  CKD3MBKZ5RK1 error: HTTP 400 for https://api.usaspending.gov/api/v2/search/spending_by_award/ :: {"d
  CKDAAUGN2L53 error: HTTP 400 for https://api.usaspending.gov/api/v2/search/spending_by_award/ :: {"d
  CKDAWU6AKPK3 error: HTTP 400 for https://api.usaspending.gov/api/v2/search/spending_by_award/ :: {"d
  CKDWJ7MHU7J1 error: HTTP 400 for https://api.usaspending.gov/api/v2/search/spending_by_award/ :: {"d
  CKEJFJ7KYRM7 error: HTTP 400 for https://api.usaspending.gov/api/v2/search/spending_by_award/ :: {"d
  CKFTTH6B1MJ5 error: HTTP 400 for https://api.usaspending.gov/api/v2/search/spending_by_award/ :: {"d
  CKHMH3VJFFC9 error: HTTP 400 for https://api.usaspending.gov/api/v2/search/spending_by_award/ :: {"d
  CKJAU7DXRM77 error: HTTP 400 for https://api.usaspending.gov/api/v2/search/spending_by_award/ :: {"d
  CKK7HK6LM4K5 error: HTTP 400 for https://api.usaspending.gov/api/v2/search/spending_by_award/ :: {"d
  CKKGUDKKEM74 error: HTTP 400 for https://api.usaspending.gov/api/v2/search/spending_by_award/ :: {"d
  CKLKG2TEV1K3 error: HTTP 400 for https://api.usaspending.gov/api/v2/search/spending_by_award/ :: {"d
  CKMAKECQJL36 error: HTTP 400 for https://api.usaspending.gov/api/v2/search/spending_by_award/ :: {"d
  CKMCH81WKBD5 error: HTTP 400 for https://api.usaspending.gov/api/v2/search/spending_by_award/ :: {"d
  CKMXYP3GBN33 error: HTTP 400 for https://api.usaspending.gov/api/v2/search/spending_by_award/ :: {"d
  CKMZEJCLSXU6 error: HTTP 400 for https://api.usaspending.gov/api/v2/search/spending_by_award/ :: {"d
  CKN5YMPJ5YY9 error: HTTP 400 for https://api.usaspending.gov/api/v2/search/spending_by_award/ :: {"d
  CKNKDCFLP3F4 error: HTTP 400 for https://api.usaspending.gov/api/v2/search/spending_by_award/ :: {"d
  CKQ9G63CT6J5 error: HTTP 400 for https://api.usaspending.gov/api/v2/search/spending_by_award/ :: {"d
  CKQQNK1HALF8 error: HTTP 400 for https://api.usaspending.gov/api/v2/search/spending_by_award/ :: {"d
  CKRWYFVWFWL4 error: HTTP 400 for https://api.usaspending.gov/api/v2/search/spending_by_award/ :: {"d
  CKRYD9S3HKM4 error: HTTP 400 for https://api.usaspending.gov/api/v2/search/spending_by_award/ :: {"d
  CKSUZ2C9BCN1 error: HTTP 400 for https://api.usaspending.gov/api/v2/search/spending_by_award/ :: {"d
  CKUMEF81MEL9 error: HTTP 400 for https://api.usaspending.gov/api/v2/search/spending_by_award/ :: {"d
  CKUSBGAJRTW8 error: HTTP 400 for https://api.usaspending.gov/api/v2/search/spending_by_award/ :: {"d
  CKUUTT3FUV79 error: HTTP 400 for https://api.usaspending.gov/api/v2/search/spending_by_award/ :: {"d
  CKV9WD34DG65 error: HTTP 400 for https://api.usaspending.gov/api/v2/search/spending_by_award/ :: {"d
  CKVCUFETZLD6 error: HTTP 400 for https://api.usaspending.gov/api/v2/search/spending_by_award/ :: {"d
  CKVKNWDYSMM3 error: HTTP 400 for https://api.usaspending.gov/api/v2/search/spending_by_award/ :: {"d
  CKVNUNXAJLN5 error: HTTP 400 for https://api.usaspending.gov/api/v2/search/spending_by_award/ :: {"d
  CKVYGS8HDGD9 error: HTTP 400 for https://api.usaspending.gov/api/v2/search/spending_by_award/ :: {"d
  CKWYMFNCG798 error: HTTP 400 for https://api.usaspending.gov/api/v2/search/spending_by_award/ :: {"d
  CKXTFDCLZM17 error: HTTP 400 for https://api.usaspending.gov/api/v2/search/spending_by_award/ :: {"d
  CKYWM34JGW95 error: HTTP 400 for https://api.usaspending.gov/api/v2/search/spending_by_award/ :: {"d
  CKZFN7NVGH73 error: HTTP 400 for https://api.usaspending.gov/api/v2/search/spending_by_award/ :: {"d
  CKZPMBTVTPL6 error: HTTP 400 for https://api.usaspending.gov/api/v2/search/spending_by_award/ :: {"d
  CL1ACZKW59E1 error: HTTP 400 for https://api.usaspending.gov/api/v2/search/spending_by_award/ :: {"d
  CL28N96F5HD9 error: HTTP 400 for https://api.usaspending.gov/api/v2/search/spending_by_award/ :: {"d
  CL2GBMM1LNE3 error: HTTP 400 for https://api.usaspending.gov/api/v2/search/spending_by_award/ :: {"d
  CL3ELLF389G7 error: HTTP 400 for https://api.usaspending.gov/api/v2/search/spending_by_award/ :: {"d
  CL3JJM6QHHE3 error: HTTP 400 for https://api.usaspending.gov/api/v2/search/spending_by_award/ :: {"d
  CL3SZFMC1247 error: HTTP 400 for https://api.usaspending.gov/api/v2/search/spending_by_award/ :: {"d
  CL4TS63ZSKK5 error: HTTP 400 for https://api.usaspending.gov/api/v2/search/spending_by_award/ :: {"d
  CL62GFVZ3XZ6 error: HTTP 400 for https://api.usaspending.gov/api/v2/search/spending_by_award/ :: {"d
  CL66P8KFEGC5 error: HTTP 400 for https://api.usaspending.gov/api/v2/search/spending_by_award/ :: {"d
  CL68RFBTJ773 error: HTTP 400 for https://api.usaspending.gov/api/v2/search/spending_by_award/ :: {"d
  CL6GVB386SM5 error: HTTP 400 for https://api.usaspending.gov/api/v2/search/spending_by_award/ :: {"d
  CL6YDU7H4CA6 error: HTTP 400 for https://api.usaspending.gov/api/v2/search/spending_by_award/ :: {"d
  CL7KJX2VFHS9 error: HTTP 400 for https://api.usaspending.gov/api/v2/search/spending_by_award/ :: {"d
  CLAXWZRC9F11 error: HTTP 400 for https://api.usaspending.gov/api/v2/search/spending_by_award/ :: {"d
  CLB3ME1BNL19 error: HTTP 400 for https://api.usaspending.gov/api/v2/search/spending_by_award/ :: {"d
  CLBAN68MDKP5 error: HTTP 400 for https://api.usaspending.gov/api/v2/search/spending_by_award/ :: {"d
  CLBDK6HKPH89 error: HTTP 400 for https://api.usaspending.gov/api/v2/search/spending_by_award/ :: {"d
  CLBRCMKJDUY5 error: HTTP 400 for https://api.usaspending.gov/api/v2/search/spending_by_award/ :: {"d
  CLC8Y2UKMM93 error: HTTP 400 for https://api.usaspending.gov/api/v2/search/spending_by_award/ :: {"d
  CLD1SL6FYYT1 error: HTTP 400 for https://api.usaspending.gov/api/v2/search/spending_by_award/ :: {"d
  CLDSHUBTP6A1 error: HTTP 400 for https://api.usaspending.gov/api/v2/search/spending_by_award/ :: {"d
  CLE5CMP28T69 error: HTTP 400 for https://api.usaspending.gov/api/v2/search/spending_by_award/ :: {"d
  CLE8JX1PQ674 error: HTTP 400 for https://api.usaspending.gov/api/v2/search/spending_by_award/ :: {"d
  CLFPC66PJC16 error: HTTP 400 for https://api.usaspending.gov/api/v2/search/spending_by_award/ :: {"d
  CLG4ZC26KCR5 error: HTTP 400 for https://api.usaspending.gov/api/v2/search/spending_by_award/ :: {"d
  CLG5RV2M6UH3 error: HTTP 400 for https://api.usaspending.gov/api/v2/search/spending_by_award/ :: {"d
  CLGDKURJ4MK9 error: HTTP 400 for https://api.usaspending.gov/api/v2/search/spending_by_award/ :: {"d
  CLH4C6DDKJ28 error: HTTP 400 for https://api.usaspending.gov/api/v2/search/spending_by_award/ :: {"d
  CLH9Y4WLUTH7 error: HTTP 400 for https://api.usaspending.gov/api/v2/search/spending_by_award/ :: {"d
  CLHCSTHHSX25 error: HTTP 400 for https://api.usaspending.gov/api/v2/search/spending_by_award/ :: {"d
  CLHKWALN3KW8 error: HTTP 400 for https://api.usaspending.gov/api/v2/search/spending_by_award/ :: {"d
  CLJ6QZYTU5W3 error: HTTP 400 for https://api.usaspending.gov/api/v2/search/spending_by_award/ :: {"d
  CLK7L6F3AM63 error: HTTP 400 for https://api.usaspending.gov/api/v2/search/spending_by_award/ :: {"d
  CLKHLE4XJF65 error: HTTP 400 for https://api.usaspending.gov/api/v2/search/spending_by_award/ :: {"d
  CLLQHN4SDCS8 error: HTTP 400 for https://api.usaspending.gov/api/v2/search/spending_by_award/ :: {"d
  CLLRCACND9A5 error: HTTP 400 for https://api.usaspending.gov/api/v2/search/spending_by_award/ :: {"d
  CLLYE511NDD7 error: HTTP 400 for https://api.usaspending.gov/api/v2/search/spending_by_award/ :: {"d
  CLM1FT3A8N49 error: HTTP 400 for https://api.usaspending.gov/api/v2/search/spending_by_award/ :: {"d
  CLMEQTVK9HW7 error: HTTP 400 for https://api.usaspending.gov/api/v2/search/spending_by_award/ :: {"d
  CLMJF2ASB1J9 error: HTTP 400 for https://api.usaspending.gov/api/v2/search/spending_by_award/ :: {"d
  CLMSU3TNLDB4 error: HTTP 400 for https://api.usaspending.gov/api/v2/search/spending_by_award/ :: {"d
  CLP2PC9NU9C5 error: HTTP 400 for https://api.usaspending.gov/api/v2/search/spending_by_award/ :: {"d
  CLQJKXAMYNL5 error: HTTP 400 for https://api.usaspending.gov/api/v2/search/spending_by_award/ :: {"d
  CLT5DAH83KN8 error: HTTP 400 for https://api.usaspending.gov/api/v2/search/spending_by_award/ :: {"d
  CLTJXL59K574 error: HTTP 400 for https://api.usaspending.gov/api/v2/search/spending_by_award/ :: {"d
  CLVHHWAJQLD7 error: HTTP 400 for https://api.usaspending.gov/api/v2/search/spending_by_award/ :: {"d
  CLVZMWZSJDH5 error: HTTP 400 for https://api.usaspending.gov/api/v2/search/spending_by_award/ :: {"d
  CLWGGNJHMCP5 error: HTTP 400 for https://api.usaspending.gov/api/v2/search/spending_by_award/ :: {"d
  CLXLSFH783J3 error: HTTP 400 for https://api.usaspending.gov/api/v2/search/spending_by_award/ :: {"d
  CLXMWS56GQ89 error: HTTP 400 for https://api.usaspending.gov/api/v2/search/spending_by_award/ :: {"d
  CLZ4C8C5JDH5 error: HTTP 400 for https://api.usaspending.gov/api/v2/search/spending_by_award/ :: {"d
  CM3JDAPGMAK5 error: HTTP 400 for https://api.usaspending.gov/api/v2/search/spending_by_award/ :: {"d
  CM3NZMDUSML7 error: HTTP 400 for https://api.usaspending.gov/api/v2/search/spending_by_award/ :: {"d
  CM4ABKKEZ4T8 error: HTTP 400 for https://api.usaspending.gov/api/v2/search/spending_by_award/ :: {"d
  CM4FGBPUMPX3 error: HTTP 400 for https://api.usaspending.gov/api/v2/search/spending_by_award/ :: {"d
  CM4TTRKFCLF9 error: HTTP 400 for https://api.usaspending.gov/api/v2/search/spending_by_award/ :: {"d
  CM5AX18EZJL3 error: HTTP 400 for https://api.usaspending.gov/api/v2/search/spending_by_award/ :: {"d
  CM5NHHNKJCL8 error: HTTP 400 for https://api.usaspending.gov/api/v2/search/spending_by_award/ :: {"d
  CM6XNJFTLGX9 error: HTTP 400 for https://api.usaspending.gov/api/v2/search/spending_by_award/ :: {"d
  CM7LMXK1NES4 error: HTTP 400 for https://api.usaspending.gov/api/v2/search/spending_by_award/ :: {"d
  CM7MS6QWU6L9 error: HTTP 400 for https://api.usaspending.gov/api/v2/search/spending_by_award/ :: {"d
  CM7NSFBWBPJ3 error: HTTP 400 for https://api.usaspending.gov/api/v2/search/spending_by_award/ :: {"d
  CM7XAYKLGUR7 error: HTTP 400 for https://api.usaspending.gov/api/v2/search/spending_by_award/ :: {"d
  CM82VLZPKZ59 error: HTTP 400 for https://api.usaspending.gov/api/v2/search/spending_by_award/ :: {"d
  CM8TF5K4KZU7 error: HTTP 400 for https://api.usaspending.gov/api/v2/search/spending_by_award/ :: {"d
  CMC8NKZ8XW63 error: HTTP 400 for https://api.usaspending.gov/api/v2/search/spending_by_award/ :: {"d
  CMCKEPYPD5A6 error: HTTP 400 for https://api.usaspending.gov/api/v2/search/spending_by_award/ :: {"d
  CMD6ZG7X83M8 error: HTTP 400 for https://api.usaspending.gov/api/v2/search/spending_by_award/ :: {"d
  CMDJJ4MJPT11 error: HTTP 400 for https://api.usaspending.gov/api/v2/search/spending_by_award/ :: {"d
  CMDPDBDLQNC7 error: HTTP 400 for https://api.usaspending.gov/api/v2/search/spending_by_award/ :: {"d
  CME4CKQ76934 error: HTTP 400 for https://api.usaspending.gov/api/v2/search/spending_by_award/ :: {"d
  CMF9NNK9Z7D6 error: HTTP 400 for https://api.usaspending.gov/api/v2/search/spending_by_award/ :: {"d
  CMFMD3EMAY96 error: HTTP 400 for https://api.usaspending.gov/api/v2/search/spending_by_award/ :: {"d
  CMFQX9JQGUU8 error: HTTP 400 for https://api.usaspending.gov/api/v2/search/spending_by_award/ :: {"d
  CMGCKVHEZRD8 error: HTTP 400 for https://api.usaspending.gov/api/v2/search/spending_by_award/ :: {"d
  CMGUD861HLL5 error: HTTP 400 for https://api.usaspending.gov/api/v2/search/spending_by_award/ :: {"d
  CMJNH4HQAML4 error: HTTP 400 for https://api.usaspending.gov/api/v2/search/spending_by_award/ :: {"d
  CMK7MRV5PDW5 error: HTTP 400 for https://api.usaspending.gov/api/v2/search/spending_by_award/ :: {"d
  CMKAPYKM9XE1 error: HTTP 400 for https://api.usaspending.gov/api/v2/search/spending_by_award/ :: {"d
  CMLXVWUHRR81 error: HTTP 400 for https://api.usaspending.gov/api/v2/search/spending_by_award/ :: {"d
  CMMDJJ12HQN7 error: HTTP 400 for https://api.usaspending.gov/api/v2/search/spending_by_award/ :: {"d
  CMMFBJ2F9W56 error: HTTP 400 for https://api.usaspending.gov/api/v2/search/spending_by_award/ :: {"d
  CMNJCKH6LTK6 error: HTTP 400 for https://api.usaspending.gov/api/v2/search/spending_by_award/ :: {"d
  CMNLAFR83JJ5 error: HTTP 400 for https://api.usaspending.gov/api/v2/search/spending_by_award/ :: {"d
  CMNPVSHU24F6 error: HTTP 400 for https://api.usaspending.gov/api/v2/search/spending_by_award/ :: {"d
  CMP3ZLH2JNA5 error: HTTP 400 for https://api.usaspending.gov/api/v2/search/spending_by_award/ :: {"d
  CMP7CZJ6ZLJ3 error: HTTP 400 for https://api.usaspending.gov/api/v2/search/spending_by_award/ :: {"d
  CMQ4C9B7KBJ4 error: HTTP 400 for https://api.usaspending.gov/api/v2/search/spending_by_award/ :: {"d
  CMT7A2E8Q2Y8 error: HTTP 400 for https://api.usaspending.gov/api/v2/search/spending_by_award/ :: {"d
  CMTGGNVGKE65 error: HTTP 400 for https://api.usaspending.gov/api/v2/search/spending_by_award/ :: {"d
  CMUNBQULUSM5 error: HTTP 400 for https://api.usaspending.gov/api/v2/search/spending_by_award/ :: {"d
  CMVKZN9XBDJ1 error: HTTP 400 for https://api.usaspending.gov/api/v2/search/spending_by_award/ :: {"d
  CMXGBGR1SAK1 error: HTTP 400 for https://api.usaspending.gov/api/v2/search/spending_by_award/ :: {"d
  CMXPKAC6V2Y5 error: HTTP 400 for https://api.usaspending.gov/api/v2/search/spending_by_award/ :: {"d
  CMZUK26LT394 error: HTTP 400 for https://api.usaspending.gov/api/v2/search/spending_by_award/ :: {"d
  CN6XBH2RGL69 error: HTTP 400 for https://api.usaspending.gov/api/v2/search/spending_by_award/ :: {"d
  CN76KYG4SBA3 error: HTTP 400 for https://api.usaspending.gov/api/v2/search/spending_by_award/ :: {"d
  CN7AM4VBFP35 error: HTTP 400 for https://api.usaspending.gov/api/v2/search/spending_by_award/ :: {"d
  CN7JMEXFNH15 error: HTTP 400 for https://api.usaspending.gov/api/v2/search/spending_by_award/ :: {"d
  CN81CQC7JHE1 error: HTTP 400 for https://api.usaspending.gov/api/v2/search/spending_by_award/ :: {"d
  CN93KMP28469 error: HTTP 400 for https://api.usaspending.gov/api/v2/search/spending_by_award/ :: {"d
  CN9CRPPBPLJ3 error: HTTP 400 for https://api.usaspending.gov/api/v2/search/spending_by_award/ :: {"d
  CNB6UBJY7NN8 error: HTTP 400 for https://api.usaspending.gov/api/v2/search/spending_by_award/ :: {"d
  CNDLLN6WTTE3 error: HTTP 400 for https://api.usaspending.gov/api/v2/search/spending_by_award/ :: {"d
  CNDLMAL8U8S5 error: HTTP 400 for https://api.usaspending.gov/api/v2/search/spending_by_award/ :: {"d
  CNEPNDCBL877 error: HTTP 400 for https://api.usaspending.gov/api/v2/search/spending_by_award/ :: {"d
  CNFMSTLZKFF7 error: HTTP 400 for https://api.usaspending.gov/api/v2/search/spending_by_award/ :: {"d
  CNKAAGJP7K95 error: HTTP 400 for https://api.usaspending.gov/api/v2/search/spending_by_award/ :: {"d
  CNKXHWPBVNH5 error: HTTP 400 for https://api.usaspending.gov/api/v2/search/spending_by_award/ :: {"d
  CNLJN6KAFZ91 error: HTTP 400 for https://api.usaspending.gov/api/v2/search/spending_by_award/ :: {"d
  CNLMSJESCJ69 error: HTTP 400 for https://api.usaspending.gov/api/v2/search/spending_by_award/ :: {"d
  CNMWR9LFSLU9 error: HTTP 400 for https://api.usaspending.gov/api/v2/search/spending_by_award/ :: {"d
  CNPAZU1NXQ76 error: HTTP 400 for https://api.usaspending.gov/api/v2/search/spending_by_award/ :: {"d
  CNPTBA1T9C89 error: HTTP 400 for https://api.usaspending.gov/api/v2/search/spending_by_award/ :: {"d
  CNSAUA627UY5 error: HTTP 400 for https://api.usaspending.gov/api/v2/search/spending_by_award/ :: {"d
  CNSXFJMFCTD1 error: HTTP 400 for https://api.usaspending.gov/api/v2/search/spending_by_award/ :: {"d
  CNTVRKUCPZE3 error: HTTP 400 for https://api.usaspending.gov/api/v2/search/spending_by_award/ :: {"d
  CNURNMJE1DK5 error: HTTP 400 for https://api.usaspending.gov/api/v2/search/spending_by_award/ :: {"d
  CNUSK2KMKPV8 error: HTTP 400 for https://api.usaspending.gov/api/v2/search/spending_by_award/ :: {"d
  CNVLNM6LHKN7 error: HTTP 400 for https://api.usaspending.gov/api/v2/search/spending_by_award/ :: {"d
  CNW6RAEGJHN4 error: HTTP 400 for https://api.usaspending.gov/api/v2/search/spending_by_award/ :: {"d
  CNXMLD5L9L48 error: HTTP 400 for https://api.usaspending.gov/api/v2/search/spending_by_award/ :: {"d
  CNY8CLKL9SG9 error: HTTP 400 for https://api.usaspending.gov/api/v2/search/spending_by_award/ :: {"d
  CNYKEVH23B61 error: HTTP 400 for https://api.usaspending.gov/api/v2/search/spending_by_award/ :: {"d
  CNYKV3EEEU39 error: HTTP 400 for https://api.usaspending.gov/api/v2/search/spending_by_award/ :: {"d
  CP1GUCE4KN61 error: HTTP 400 for https://api.usaspending.gov/api/v2/search/spending_by_award/ :: {"d
  CP2UHY7KTKN3 error: HTTP 400 for https://api.usaspending.gov/api/v2/search/spending_by_award/ :: {"d
  CP4RGML611N6 error: HTTP 400 for https://api.usaspending.gov/api/v2/search/spending_by_award/ :: {"d
  CP63ZK2PGJ88 error: HTTP 400 for https://api.usaspending.gov/api/v2/search/spending_by_award/ :: {"d
  CP6GJGKWRJA1 error: HTTP 400 for https://api.usaspending.gov/api/v2/search/spending_by_award/ :: {"d
  CP9CUXKKDHH9 error: HTTP 400 for https://api.usaspending.gov/api/v2/search/spending_by_award/ :: {"d
  CPBHUHHEPDM1 error: HTTP 400 for https://api.usaspending.gov/api/v2/search/spending_by_award/ :: {"d
  CPCFDDQBKRU6 error: HTTP 400 for https://api.usaspending.gov/api/v2/search/spending_by_award/ :: {"d
  CPEUATLLKD18 error: HTTP 400 for https://api.usaspending.gov/api/v2/search/spending_by_award/ :: {"d
  CPKHHJ5USZH3 error: HTTP 400 for https://api.usaspending.gov/api/v2/search/spending_by_award/ :: {"d
  CPKMDKASYLJ3 error: HTTP 400 for https://api.usaspending.gov/api/v2/search/spending_by_award/ :: {"d
  CPKRFVZ98PH9 error: HTTP 400 for https://api.usaspending.gov/api/v2/search/spending_by_award/ :: {"d
  CPMMGBNCEG74 error: HTTP 400 for https://api.usaspending.gov/api/v2/search/spending_by_award/ :: {"d
  CPNFLT3252F1 error: HTTP 400 for https://api.usaspending.gov/api/v2/search/spending_by_award/ :: {"d
  CPNRWF53ELQ3 error: HTTP 400 for https://api.usaspending.gov/api/v2/search/spending_by_award/ :: {"d
  CPQ7KAY9G8V3 error: HTTP 400 for https://api.usaspending.gov/api/v2/search/spending_by_award/ :: {"d
  CPQGKX4MDR96 error: HTTP 400 for https://api.usaspending.gov/api/v2/search/spending_by_award/ :: {"d
  CPQKMJZP2JQ2 error: HTTP 400 for https://api.usaspending.gov/api/v2/search/spending_by_award/ :: {"d
  CPTLGM4D59G5 error: HTTP 400 for https://api.usaspending.gov/api/v2/search/spending_by_award/ :: {"d
  CPU2023UTJKS error: HTTP 400 for https://api.usaspending.gov/api/v2/search/spending_by_award/ :: {"d
  CPUMTXB6DB33 error: HTTP 400 for https://api.usaspending.gov/api/v2/search/spending_by_award/ :: {"d
  CPVGYZY6C4L9 error: HTTP 400 for https://api.usaspending.gov/api/v2/search/spending_by_award/ :: {"d
  CPVWZ9KDDCJ4 error: HTTP 400 for https://api.usaspending.gov/api/v2/search/spending_by_award/ :: {"d
  CPWCTJ8M6ND8 error: HTTP 400 for https://api.usaspending.gov/api/v2/search/spending_by_award/ :: {"d
  CPXAL22S63N1 error: HTTP 400 for https://api.usaspending.gov/api/v2/search/spending_by_award/ :: {"d
  CPYXZ8UL78K4 error: HTTP 400 for https://api.usaspending.gov/api/v2/search/spending_by_award/ :: {"d
  CPZ1T3B85A64 error: HTTP 400 for https://api.usaspending.gov/api/v2/search/spending_by_award/ :: {"d
  CQ1SZ9CXU885 error: HTTP 400 for https://api.usaspending.gov/api/v2/search/spending_by_award/ :: {"d
  CQ43MN1NNC15 error: HTTP 400 for https://api.usaspending.gov/api/v2/search/spending_by_award/ :: {"d
  CQ4CM4Q2DRT1 error: HTTP 400 for https://api.usaspending.gov/api/v2/search/spending_by_award/ :: {"d
  800/17687 UEIs, 39453 awards (0.0 UEI/s)
  CQ71GNJ374E5 error: HTTP 400 for https://api.usaspending.gov/api/v2/search/spending_by_award/ :: {"d
  CQ7JXTJA2TL9 error: HTTP 400 for https://api.usaspending.gov/api/v2/search/spending_by_award/ :: {"d
  CQ7MRFYJWEM7 error: HTTP 400 for https://api.usaspending.gov/api/v2/search/spending_by_award/ :: {"d
  CQ9BJKU3GAQ7 error: HTTP 400 for https://api.usaspending.gov/api/v2/search/spending_by_award/ :: {"d
  CQA6J89G4893 error: HTTP 400 for https://api.usaspending.gov/api/v2/search/spending_by_award/ :: {"d
  CQDERX7NSLL5 error: HTTP 400 for https://api.usaspending.gov/api/v2/search/spending_by_award/ :: {"d
  CQDHJ5L3EMJ5 error: HTTP 400 for https://api.usaspending.gov/api/v2/search/spending_by_award/ :: {"d
  CQEKEFZ61983 error: HTTP 400 for https://api.usaspending.gov/api/v2/search/spending_by_award/ :: {"d
  CQHLAGNLRUL3 error: HTTP 400 for https://api.usaspending.gov/api/v2/search/spending_by_award/ :: {"d
  CQJ8WNMU17J8 error: HTTP 400 for https://api.usaspending.gov/api/v2/search/spending_by_award/ :: {"d
  CQK6VK27KZ46 error: HTTP 400 for https://api.usaspending.gov/api/v2/search/spending_by_award/ :: {"d
  CQK7BTWCKFX6 error: HTTP 400 for https://api.usaspending.gov/api/v2/search/spending_by_award/ :: {"d
  CQM4LLQ6GDU8 error: HTTP 400 for https://api.usaspending.gov/api/v2/search/spending_by_award/ :: {"d
  CQMCEG762FK6 error: HTTP 400 for https://api.usaspending.gov/api/v2/search/spending_by_award/ :: {"d
  CQMFPQF41QW3 error: HTTP 400 for https://api.usaspending.gov/api/v2/search/spending_by_award/ :: {"d
  CQNAQEKHWVL8 error: HTTP 400 for https://api.usaspending.gov/api/v2/search/spending_by_award/ :: {"d
  CQNKXHR9C9B3 error: HTTP 400 for https://api.usaspending.gov/api/v2/search/spending_by_award/ :: {"d
  CQPATMTPKZJ8 error: HTTP 400 for https://api.usaspending.gov/api/v2/search/spending_by_award/ :: {"d
  CQPBZDCJKKC5 error: HTTP 400 for https://api.usaspending.gov/api/v2/search/spending_by_award/ :: {"d
  CQQ2AHGRR351 error: HTTP 400 for https://api.usaspending.gov/api/v2/search/spending_by_award/ :: {"d
  CQSKJBN54Y54 error: HTTP 400 for https://api.usaspending.gov/api/v2/search/spending_by_award/ :: {"d
  CQSZHY4JPCM3 error: HTTP 400 for https://api.usaspending.gov/api/v2/search/spending_by_award/ :: {"d
  CQTREK6HV928 error: HTTP 400 for https://api.usaspending.gov/api/v2/search/spending_by_award/ :: {"d
  CQXLDH469E67 error: HTTP 400 for https://api.usaspending.gov/api/v2/search/spending_by_award/ :: {"d
  CR2DD5UWCSJ3 error: HTTP 400 for https://api.usaspending.gov/api/v2/search/spending_by_award/ :: {"d
  CR43ALR1JJL5 error: HTTP 400 for https://api.usaspending.gov/api/v2/search/spending_by_award/ :: {"d
  CR4JLDMNGLJ9 error: HTTP 400 for https://api.usaspending.gov/api/v2/search/spending_by_award/ :: {"d
  CR5EMGJ36RL6 error: HTTP 400 for https://api.usaspending.gov/api/v2/search/spending_by_award/ :: {"d
  CR8KSJ6N3777 error: HTTP 400 for https://api.usaspending.gov/api/v2/search/spending_by_award/ :: {"d
  CR96JV1J3BJ8 error: HTTP 400 for https://api.usaspending.gov/api/v2/search/spending_by_award/ :: {"d
  CR97FQA4XSF5 error: HTTP 400 for https://api.usaspending.gov/api/v2/search/spending_by_award/ :: {"d
  CRA2KCAL8BA4 error: HTTP 400 for https://api.usaspending.gov/api/v2/search/spending_by_award/ :: {"d
  CRA4YMW98R75 error: HTTP 400 for https://api.usaspending.gov/api/v2/search/spending_by_award/ :: {"d
  CRAAXRAXXRS7 error: HTTP 400 for https://api.usaspending.gov/api/v2/search/spending_by_award/ :: {"d
  CRDBDNVUJE15 error: HTTP 400 for https://api.usaspending.gov/api/v2/search/spending_by_award/ :: {"d
  CRE4N8H1X6J5 error: HTTP 400 for https://api.usaspending.gov/api/v2/search/spending_by_award/ :: {"d
  CRE6KTXERFF5 error: HTTP 400 for https://api.usaspending.gov/api/v2/search/spending_by_award/ :: {"d
  CRFNEGNFSRM5 error: HTTP 400 for https://api.usaspending.gov/api/v2/search/spending_by_award/ :: {"d
  CRFSBYFAN882 error: HTTP 400 for https://api.usaspending.gov/api/v2/search/spending_by_award/ :: {"d
  CRG6EV73J4D3 error: HTTP 400 for https://api.usaspending.gov/api/v2/search/spending_by_award/ :: {"d
  CRKWZCSL2HN1 error: HTTP 400 for https://api.usaspending.gov/api/v2/search/spending_by_award/ :: {"d
  CRLJD123U3L1 error: HTTP 400 for https://api.usaspending.gov/api/v2/search/spending_by_award/ :: {"d
  CRLJG4KBHEM6 error: HTTP 400 for https://api.usaspending.gov/api/v2/search/spending_by_award/ :: {"d
  CRMNF7LXJEV7 error: HTTP 400 for https://api.usaspending.gov/api/v2/search/spending_by_award/ :: {"d
  CRNSBL4XX2K9 error: HTTP 400 for https://api.usaspending.gov/api/v2/search/spending_by_award/ :: {"d
  CRQKHBVMD835 error: HTTP 400 for https://api.usaspending.gov/api/v2/search/spending_by_award/ :: {"d
  CRTQNK3R98B3 error: HTTP 400 for https://api.usaspending.gov/api/v2/search/spending_by_award/ :: {"d
  CRU3C79W9N35 error: HTTP 400 for https://api.usaspending.gov/api/v2/search/spending_by_award/ :: {"d
  CRV9D32LPD64 error: HTTP 400 for https://api.usaspending.gov/api/v2/search/spending_by_award/ :: {"d
  CRVGDX8WLLV5 error: HTTP 400 for https://api.usaspending.gov/api/v2/search/spending_by_award/ :: {"d
  CS11KGKV6UH3 error: HTTP 400 for https://api.usaspending.gov/api/v2/search/spending_by_award/ :: {"d
  CS3XN1G79DF7 error: HTTP 400 for https://api.usaspending.gov/api/v2/search/spending_by_award/ :: {"d
  CS55BHHE4D74 error: HTTP 400 for https://api.usaspending.gov/api/v2/search/spending_by_award/ :: {"d
  CS6LHFATKEZ5 error: HTTP 400 for https://api.usaspending.gov/api/v2/search/spending_by_award/ :: {"d
  CS8YXCYV86V5 error: HTTP 400 for https://api.usaspending.gov/api/v2/search/spending_by_award/ :: {"d
  CSAFF48FSSA3 error: HTTP 400 for https://api.usaspending.gov/api/v2/search/spending_by_award/ :: {"d
  CSB4S1J9L678 error: HTTP 400 for https://api.usaspending.gov/api/v2/search/spending_by_award/ :: {"d
  CSCLTD9ZFZA4 error: HTTP 400 for https://api.usaspending.gov/api/v2/search/spending_by_award/ :: {"d
  CSD8BRNFC3J5 error: HTTP 400 for https://api.usaspending.gov/api/v2/search/spending_by_award/ :: {"d
  CSG5K4DFN6D6 error: HTTP 400 for https://api.usaspending.gov/api/v2/search/spending_by_award/ :: {"d
  CSG9MJJN6PJ5 error: HTTP 400 for https://api.usaspending.gov/api/v2/search/spending_by_award/ :: {"d
  CSJ2N65A9GB1 error: HTTP 400 for https://api.usaspending.gov/api/v2/search/spending_by_award/ :: {"d
  CSLZF6GKKP78 error: HTTP 400 for https://api.usaspending.gov/api/v2/search/spending_by_award/ :: {"d
  CSM5JNPA5AK5 error: HTTP 400 for https://api.usaspending.gov/api/v2/search/spending_by_award/ :: {"d
  CSM9A1F5MVN6 error: HTTP 400 for https://api.usaspending.gov/api/v2/search/spending_by_award/ :: {"d
  CSR1XAMKNW64 error: HTTP 400 for https://api.usaspending.gov/api/v2/search/spending_by_award/ :: {"d
  CSSJGCRUZ9F3 error: HTTP 400 for https://api.usaspending.gov/api/v2/search/spending_by_award/ :: {"d
  CSX2ELJUH5L5 error: HTTP 400 for https://api.usaspending.gov/api/v2/search/spending_by_award/ :: {"d
  CT37H57NQZW7 error: HTTP 400 for https://api.usaspending.gov/api/v2/search/spending_by_award/ :: {"d
  CT3PDC4QCMR7 error: HTTP 400 for https://api.usaspending.gov/api/v2/search/spending_by_award/ :: {"d
  CT3PJ2BBPFA9 error: HTTP 400 for https://api.usaspending.gov/api/v2/search/spending_by_award/ :: {"d
  CT6HHJK1MNC6 error: HTTP 400 for https://api.usaspending.gov/api/v2/search/spending_by_award/ :: {"d
  CT89PKK5Q4G5 error: HTTP 400 for https://api.usaspending.gov/api/v2/search/spending_by_award/ :: {"d
  CT8KCXTBR6N5 error: HTTP 400 for https://api.usaspending.gov/api/v2/search/spending_by_award/ :: {"d
  CT9WXMR4VLN1 error: HTTP 400 for https://api.usaspending.gov/api/v2/search/spending_by_award/ :: {"d
  CTBKTWL7CTV5 error: HTTP 400 for https://api.usaspending.gov/api/v2/search/spending_by_award/ :: {"d
  CTF5PNAE7MX4 error: HTTP 400 for https://api.usaspending.gov/api/v2/search/spending_by_award/ :: {"d
  CTFBJWDQDYH3 error: HTTP 400 for https://api.usaspending.gov/api/v2/search/spending_by_award/ :: {"d
  CTGEZMEUJ1M8 error: HTTP 400 for https://api.usaspending.gov/api/v2/search/spending_by_award/ :: {"d
  CTJKU6CK6AJ4 error: HTTP 400 for https://api.usaspending.gov/api/v2/search/spending_by_award/ :: {"d
  CTKLWXNABFS5 error: HTTP 400 for https://api.usaspending.gov/api/v2/search/spending_by_award/ :: {"d
  CTLEAE8HML25 error: HTTP 400 for https://api.usaspending.gov/api/v2/search/spending_by_award/ :: {"d
  CTLVX9M7AMR4 error: HTTP 400 for https://api.usaspending.gov/api/v2/search/spending_by_award/ :: {"d
  CTNDKFVKPNY7 error: HTTP 400 for https://api.usaspending.gov/api/v2/search/spending_by_award/ :: {"d
  CTNGYT2E1RL6 error: HTTP 400 for https://api.usaspending.gov/api/v2/search/spending_by_award/ :: {"d
  CTRMKKALN4J3 error: HTTP 400 for https://api.usaspending.gov/api/v2/search/spending_by_award/ :: {"d
  CTVUP1NJPFP3 error: HTTP 400 for https://api.usaspending.gov/api/v2/search/spending_by_award/ :: {"d
  CTWFVZ5UCJ72 error: HTTP 400 for https://api.usaspending.gov/api/v2/search/spending_by_award/ :: {"d
  CTZNS4BTRLVG error: HTTP 400 for https://api.usaspending.gov/api/v2/search/spending_by_award/ :: {"d
  CU1PMBKMNHL5 error: HTTP 400 for https://api.usaspending.gov/api/v2/search/spending_by_award/ :: {"d
  CU1ZP9YNR8L7 error: HTTP 400 for https://api.usaspending.gov/api/v2/search/spending_by_award/ :: {"d
  CU3UNKJBXGM3 error: HTTP 400 for https://api.usaspending.gov/api/v2/search/spending_by_award/ :: {"d
  CU4GWGNU6GM8 error: HTTP 400 for https://api.usaspending.gov/api/v2/search/spending_by_award/ :: {"d
  CU5FDALV6NW3 error: HTTP 400 for https://api.usaspending.gov/api/v2/search/spending_by_award/ :: {"d
  CU5FG62RPK63 error: HTTP 400 for https://api.usaspending.gov/api/v2/search/spending_by_award/ :: {"d
  CU87RABY53C9 error: HTTP 400 for https://api.usaspending.gov/api/v2/search/spending_by_award/ :: {"d
  CUDBJRT8N9D1 error: HTTP 400 for https://api.usaspending.gov/api/v2/search/spending_by_award/ :: {"d
  CUDUL9UDXKH4 error: HTTP 400 for https://api.usaspending.gov/api/v2/search/spending_by_award/ :: {"d
  CUDWXEF6LNL3 error: HTTP 400 for https://api.usaspending.gov/api/v2/search/spending_by_award/ :: {"d
  CUG2ZU1JMZC2 error: HTTP 400 for https://api.usaspending.gov/api/v2/search/spending_by_award/ :: {"d
  CUKLSPJ656U1 error: HTTP 400 for https://api.usaspending.gov/api/v2/search/spending_by_award/ :: {"d
  CULGSERX5635 error: HTTP 400 for https://api.usaspending.gov/api/v2/search/spending_by_award/ :: {"d
  CULZM8MKUJE5 error: HTTP 400 for https://api.usaspending.gov/api/v2/search/spending_by_award/ :: {"d
  CUNMPNUJFQV4 error: HTTP 400 for https://api.usaspending.gov/api/v2/search/spending_by_award/ :: {"d
  CUNXLA6H5TK3 error: HTTP 400 for https://api.usaspending.gov/api/v2/search/spending_by_award/ :: {"d
  CUPMHS29XWQ7 error: HTTP 400 for https://api.usaspending.gov/api/v2/search/spending_by_award/ :: {"d
  CUQPGMU153L7 error: HTTP 400 for https://api.usaspending.gov/api/v2/search/spending_by_award/ :: {"d
  CUQYHEKU9BM3 error: HTTP 400 for https://api.usaspending.gov/api/v2/search/spending_by_award/ :: {"d
  CURQSJKN1TV8 error: HTTP 400 for https://api.usaspending.gov/api/v2/search/spending_by_award/ :: {"d
  CUSKM5L21L16 error: HTTP 400 for https://api.usaspending.gov/api/v2/search/spending_by_award/ :: {"d
  CUSXZCJV3XK5 error: HTTP 400 for https://api.usaspending.gov/api/v2/search/spending_by_award/ :: {"d
  CUU9FE1VR3F1 error: HTTP 400 for https://api.usaspending.gov/api/v2/search/spending_by_award/ :: {"d
  CUVCMNHPJVD7 error: HTTP 400 for https://api.usaspending.gov/api/v2/search/spending_by_award/ :: {"d
  CUVCQRCD7AA3 error: HTTP 400 for https://api.usaspending.gov/api/v2/search/spending_by_award/ :: {"d
  CUVLXQPKHJP9 error: HTTP 400 for https://api.usaspending.gov/api/v2/search/spending_by_award/ :: {"d
  CUWYZLQJA5J9 error: HTTP 400 for https://api.usaspending.gov/api/v2/search/spending_by_award/ :: {"d
  CUXFNJJA4AQ7 error: HTTP 400 for https://api.usaspending.gov/api/v2/search/spending_by_award/ :: {"d
  CUZ1EMQCBHZ7 error: HTTP 400 for https://api.usaspending.gov/api/v2/search/spending_by_award/ :: {"d
  CUZJNDFJJGA3 error: HTTP 400 for https://api.usaspending.gov/api/v2/search/spending_by_award/ :: {"d
  CUZUNBQNJBB5 error: HTTP 400 for https://api.usaspending.gov/api/v2/search/spending_by_award/ :: {"d
  CV52PP94GAD5 error: HTTP 400 for https://api.usaspending.gov/api/v2/search/spending_by_award/ :: {"d
  CV6UCJCKY613 error: HTTP 400 for https://api.usaspending.gov/api/v2/search/spending_by_award/ :: {"d
  CV6VUNKYYRL8 error: HTTP 400 for https://api.usaspending.gov/api/v2/search/spending_by_award/ :: {"d
  CV75JQMNBV46 error: HTTP 400 for https://api.usaspending.gov/api/v2/search/spending_by_award/ :: {"d
  CVAMT4GTVWR3 error: HTTP 400 for https://api.usaspending.gov/api/v2/search/spending_by_award/ :: {"d
  CVCJV2ZL5HN3 error: HTTP 400 for https://api.usaspending.gov/api/v2/search/spending_by_award/ :: {"d
  CVCSWPY71JF4 error: HTTP 400 for https://api.usaspending.gov/api/v2/search/spending_by_award/ :: {"d
  CVCTK4JB5L55 error: HTTP 400 for https://api.usaspending.gov/api/v2/search/spending_by_award/ :: {"d
  CVCXJQVZRMB3 error: HTTP 400 for https://api.usaspending.gov/api/v2/search/spending_by_award/ :: {"d
  CVDAW6KLGNY5 error: HTTP 400 for https://api.usaspending.gov/api/v2/search/spending_by_award/ :: {"d
  CVEVL4BBGUG8 error: HTTP 400 for https://api.usaspending.gov/api/v2/search/spending_by_award/ :: {"d
  CVFMED5XEAG7 error: HTTP 400 for https://api.usaspending.gov/api/v2/search/spending_by_award/ :: {"d
  CVGCB39AQCX9 error: HTTP 400 for https://api.usaspending.gov/api/v2/search/spending_by_award/ :: {"d
  CVHFYSRJ6EQ6 error: HTTP 400 for https://api.usaspending.gov/api/v2/search/spending_by_award/ :: {"d
  CVKCH9VSYSP5 error: HTTP 400 for https://api.usaspending.gov/api/v2/search/spending_by_award/ :: {"d
  CVLHLD4GJWS7 error: HTTP 400 for https://api.usaspending.gov/api/v2/search/spending_by_award/ :: {"d
  CVNJSJPH8U18 error: HTTP 400 for https://api.usaspending.gov/api/v2/search/spending_by_award/ :: {"d
  CVNSMM23WXD6 error: HTTP 400 for https://api.usaspending.gov/api/v2/search/spending_by_award/ :: {"d
  CW1ZNXU9E2Z9 error: HTTP 400 for https://api.usaspending.gov/api/v2/search/spending_by_award/ :: {"d
  CW28BEMJXCK7 error: HTTP 400 for https://api.usaspending.gov/api/v2/search/spending_by_award/ :: {"d
  CW2FFU14R2V3 error: HTTP 400 for https://api.usaspending.gov/api/v2/search/spending_by_award/ :: {"d
  CW36RNNYTGN5 error: HTTP 400 for https://api.usaspending.gov/api/v2/search/spending_by_award/ :: {"d
  CW3WNLE7BVH7 error: HTTP 400 for https://api.usaspending.gov/api/v2/search/spending_by_award/ :: {"d
  CW5LJJ1NKK36 error: HTTP 400 for https://api.usaspending.gov/api/v2/search/spending_by_award/ :: {"d
  CW5QZAKLQG15 error: HTTP 400 for https://api.usaspending.gov/api/v2/search/spending_by_award/ :: {"d
  CW6WBFGVE216 error: HTTP 400 for https://api.usaspending.gov/api/v2/search/spending_by_award/ :: {"d
  CW7UQ4NXS2U4 error: HTTP 400 for https://api.usaspending.gov/api/v2/search/spending_by_award/ :: {"d
  CW7ZCAQRKBL4 error: HTTP 400 for https://api.usaspending.gov/api/v2/search/spending_by_award/ :: {"d
  CWC2BPVNAP54 error: HTTP 400 for https://api.usaspending.gov/api/v2/search/spending_by_award/ :: {"d
  CWC8EAJ3TDR4 error: HTTP 400 for https://api.usaspending.gov/api/v2/search/spending_by_award/ :: {"d
  CWCENNTCA9C9 error: HTTP 400 for https://api.usaspending.gov/api/v2/search/spending_by_award/ :: {"d
  CWFLLNXXH4Y5 error: HTTP 400 for https://api.usaspending.gov/api/v2/search/spending_by_award/ :: {"d
  CWFLLNXXH4YS error: HTTP 400 for https://api.usaspending.gov/api/v2/search/spending_by_award/ :: {"d
  CWG6NA3HNJF3 error: HTTP 400 for https://api.usaspending.gov/api/v2/search/spending_by_award/ :: {"d
  CWGPXDDJQMG4 error: HTTP 400 for https://api.usaspending.gov/api/v2/search/spending_by_award/ :: {"d
  CWH8E9BX81F9 error: HTTP 400 for https://api.usaspending.gov/api/v2/search/spending_by_award/ :: {"d
  CWJGP2B93X73 error: HTTP 400 for https://api.usaspending.gov/api/v2/search/spending_by_award/ :: {"d
  CWKNCPMLB6R6 error: HTTP 400 for https://api.usaspending.gov/api/v2/search/spending_by_award/ :: {"d
  CWM6FHDAMBM5 error: HTTP 400 for https://api.usaspending.gov/api/v2/search/spending_by_award/ :: {"d
  CWMWZ4U2BQP5 error: HTTP 400 for https://api.usaspending.gov/api/v2/search/spending_by_award/ :: {"d
  CWNBTAFG6KE8 error: HTTP 400 for https://api.usaspending.gov/api/v2/search/spending_by_award/ :: {"d
  CWNPK67MNA78 error: HTTP 400 for https://api.usaspending.gov/api/v2/search/spending_by_award/ :: {"d
  CWP9HAR36V66 error: HTTP 400 for https://api.usaspending.gov/api/v2/search/spending_by_award/ :: {"d
  CWPBFBBF2FK8 error: HTTP 400 for https://api.usaspending.gov/api/v2/search/spending_by_award/ :: {"d
  CWQJJA9G4NN3 error: HTTP 400 for https://api.usaspending.gov/api/v2/search/spending_by_award/ :: {"d
  CWVGECM5KK57 error: HTTP 400 for https://api.usaspending.gov/api/v2/search/spending_by_award/ :: {"d
  CWWDCJCNE3L1 error: HTTP 400 for https://api.usaspending.gov/api/v2/search/spending_by_award/ :: {"d
  CX3LW7N2LNQ5 error: HTTP 400 for https://api.usaspending.gov/api/v2/search/spending_by_award/ :: {"d
  CX75APM5JYE3 error: HTTP 400 for https://api.usaspending.gov/api/v2/search/spending_by_award/ :: {"d
  CXA2HGJXHD34 error: HTTP 400 for https://api.usaspending.gov/api/v2/search/spending_by_award/ :: {"d
  CXACA4Y6LU28 error: HTTP 400 for https://api.usaspending.gov/api/v2/search/spending_by_award/ :: {"d
  CXAGWJEL5KK7 error: HTTP 400 for https://api.usaspending.gov/api/v2/search/spending_by_award/ :: {"d
  CXAHC4GVWS43 error: HTTP 400 for https://api.usaspending.gov/api/v2/search/spending_by_award/ :: {"d
  CXANMMKWPE85 error: HTTP 400 for https://api.usaspending.gov/api/v2/search/spending_by_award/ :: {"d
  CXCAU95SFD51 error: HTTP 400 for https://api.usaspending.gov/api/v2/search/spending_by_award/ :: {"d
  CXE2J7G9NPX1 error: HTTP 400 for https://api.usaspending.gov/api/v2/search/spending_by_award/ :: {"d
  CXELRL2YSC96 error: HTTP 400 for https://api.usaspending.gov/api/v2/search/spending_by_award/ :: {"d
  CXGAHCCNEGA7 error: HTTP 400 for https://api.usaspending.gov/api/v2/search/spending_by_award/ :: {"d
  CXGFRM7GDDC4 error: HTTP 400 for https://api.usaspending.gov/api/v2/search/spending_by_award/ :: {"d
  CXGLAG8WA6Q4 error: HTTP 400 for https://api.usaspending.gov/api/v2/search/spending_by_award/ :: {"d
  CXHYXPGVZN15 error: HTTP 400 for https://api.usaspending.gov/api/v2/search/spending_by_award/ :: {"d
  CXJNCZKDTLF7 error: HTTP 400 for https://api.usaspending.gov/api/v2/search/spending_by_award/ :: {"d
  CXL8B1QQJNN3 error: HTTP 400 for https://api.usaspending.gov/api/v2/search/spending_by_award/ :: {"d
  CXMCUN7YKHX5 error: HTTP 400 for https://api.usaspending.gov/api/v2/search/spending_by_award/ :: {"d
  CXN4QGTT9HG5 error: HTTP 400 for https://api.usaspending.gov/api/v2/search/spending_by_award/ :: {"d
  CXNQAJR6FYY4 error: HTTP 400 for https://api.usaspending.gov/api/v2/search/spending_by_award/ :: {"d
  CXQ1BVNE2MK6 error: HTTP 400 for https://api.usaspending.gov/api/v2/search/spending_by_award/ :: {"d
  CXQZVRZCCF41 error: HTTP 400 for https://api.usaspending.gov/api/v2/search/spending_by_award/ :: {"d
  CXR3JHWLM587 error: HTTP 400 for https://api.usaspending.gov/api/v2/search/spending_by_award/ :: {"d
  CXSKB6KZV4Q5 error: HTTP 400 for https://api.usaspending.gov/api/v2/search/spending_by_award/ :: {"d
  CXTLBKAXP5Y7 error: HTTP 400 for https://api.usaspending.gov/api/v2/search/spending_by_award/ :: {"d
  CXUHYLV7VZN7 error: HTTP 400 for https://api.usaspending.gov/api/v2/search/spending_by_award/ :: {"d
  CXWAYNHRGJH1 error: HTTP 400 for https://api.usaspending.gov/api/v2/search/spending_by_award/ :: {"d
  CXWFKSLNBE16 error: HTTP 400 for https://api.usaspending.gov/api/v2/search/spending_by_award/ :: {"d
  CXYQSYPXSLG4 error: HTTP 400 for https://api.usaspending.gov/api/v2/search/spending_by_award/ :: {"d
  CY2AW6FQDKY1 error: HTTP 400 for https://api.usaspending.gov/api/v2/search/spending_by_award/ :: {"d
  CY2MKKCZGAE5 error: HTTP 400 for https://api.usaspending.gov/api/v2/search/spending_by_award/ :: {"d
  CY4CNJ5JLK98 error: HTTP 400 for https://api.usaspending.gov/api/v2/search/spending_by_award/ :: {"d
  CY5HT5YRYJ17 error: HTTP 400 for https://api.usaspending.gov/api/v2/search/spending_by_award/ :: {"d
  CYBAYV38JQJ7 error: HTTP 400 for https://api.usaspending.gov/api/v2/search/spending_by_award/ :: {"d
  1000/17687 UEIs, 52352 awards (0.0 UEI/s)
  CYCBGDKKT413 error: HTTP 400 for https://api.usaspending.gov/api/v2/search/spending_by_award/ :: {"d
  CYCXDDJXQKZ8 error: HTTP 400 for https://api.usaspending.gov/api/v2/search/spending_by_award/ :: {"d
  CYEZUTQ6GME3 error: HTTP 400 for https://api.usaspending.gov/api/v2/search/spending_by_award/ :: {"d
  CYF5AR7JKN75 error: HTTP 400 for https://api.usaspending.gov/api/v2/search/spending_by_award/ :: {"d
  CYJ8LEHYZA37 error: HTTP 400 for https://api.usaspending.gov/api/v2/search/spending_by_award/ :: {"d
  CYJJYXNUN8R6 error: HTTP 400 for https://api.usaspending.gov/api/v2/search/spending_by_award/ :: {"d
  CYKXV12822R5 error: HTTP 400 for https://api.usaspending.gov/api/v2/search/spending_by_award/ :: {"d
  CYLYU13A4YY1 error: HTTP 400 for https://api.usaspending.gov/api/v2/search/spending_by_award/ :: {"d
  CYMKG7G27HB3 error: HTTP 400 for https://api.usaspending.gov/api/v2/search/spending_by_award/ :: {"d
  CYN8ADT123A7 error: HTTP 400 for https://api.usaspending.gov/api/v2/search/spending_by_award/ :: {"d
  CYN8HKRHAQF9 error: HTTP 400 for https://api.usaspending.gov/api/v2/search/spending_by_award/ :: {"d
  CYNNYD6SLRL7 error: HTTP 400 for https://api.usaspending.gov/api/v2/search/spending_by_award/ :: {"d
  CYTXT7A66JL9 error: HTTP 400 for https://api.usaspending.gov/api/v2/search/spending_by_award/ :: {"d
  CYUEP2BBFCA6 error: HTTP 400 for https://api.usaspending.gov/api/v2/search/spending_by_award/ :: {"d
  CYVTGB56VQJ7 error: HTTP 400 for https://api.usaspending.gov/api/v2/search/spending_by_award/ :: {"d
  CZ22WRFGJ9A9 error: HTTP 400 for https://api.usaspending.gov/api/v2/search/spending_by_award/ :: {"d
  CZ4YQZMNT6K1 error: HTTP 400 for https://api.usaspending.gov/api/v2/search/spending_by_award/ :: {"d
  CZ5HL17TGE13 error: HTTP 400 for https://api.usaspending.gov/api/v2/search/spending_by_award/ :: {"d
  CZ65R8BU9YT4 error: HTTP 400 for https://api.usaspending.gov/api/v2/search/spending_by_award/ :: {"d
  CZ65TENQWXC3 error: HTTP 400 for https://api.usaspending.gov/api/v2/search/spending_by_award/ :: {"d
  CZ8NMLDC4RJ9 error: HTTP 400 for https://api.usaspending.gov/api/v2/search/spending_by_award/ :: {"d
  CZ9JJ2G9MPC7 error: HTTP 400 for https://api.usaspending.gov/api/v2/search/spending_by_award/ :: {"d
  CZA6V789MXL3 error: HTTP 400 for https://api.usaspending.gov/api/v2/search/spending_by_award/ :: {"d
  CZC4UX3MTZM5 error: HTTP 400 for https://api.usaspending.gov/api/v2/search/spending_by_award/ :: {"d
  CZG1HQRC2FL9 error: HTTP 400 for https://api.usaspending.gov/api/v2/search/spending_by_award/ :: {"d
  CZHABADGZDG8 error: HTTP 400 for https://api.usaspending.gov/api/v2/search/spending_by_award/ :: {"d
  CZKNMHQXZ5D4 error: HTTP 400 for https://api.usaspending.gov/api/v2/search/spending_by_award/ :: {"d
  CZL3Z87MRDJ1 error: HTTP 400 for https://api.usaspending.gov/api/v2/search/spending_by_award/ :: {"d
  CZMYS3BF8L63 error: HTTP 400 for https://api.usaspending.gov/api/v2/search/spending_by_award/ :: {"d
  CZNJWQK4ME66 error: HTTP 400 for https://api.usaspending.gov/api/v2/search/spending_by_award/ :: {"d
  CZP9PLRM21M9 error: HTTP 400 for https://api.usaspending.gov/api/v2/search/spending_by_award/ :: {"d
  CZTNNM6XJVJ3 error: HTTP 400 for https://api.usaspending.gov/api/v2/search/spending_by_award/ :: {"d
  CZVJEYU5TZU5 error: HTTP 400 for https://api.usaspending.gov/api/v2/search/spending_by_award/ :: {"d
  CZW2EENKABG1 error: HTTP 400 for https://api.usaspending.gov/api/v2/search/spending_by_award/ :: {"d
  D0ESN0THAVE1 error: HTTP 400 for https://api.usaspending.gov/api/v2/search/spending_by_award/ :: {"d
  D11ZJZLGLL39 error: HTTP 400 for https://api.usaspending.gov/api/v2/search/spending_by_award/ :: {"d
  D13QEMAXQKH5 error: HTTP 400 for https://api.usaspending.gov/api/v2/search/spending_by_award/ :: {"d
  D13WXXL3LNC7 error: HTTP 400 for https://api.usaspending.gov/api/v2/search/spending_by_award/ :: {"d
  D14FGSL3BG59 error: HTTP 400 for https://api.usaspending.gov/api/v2/search/spending_by_award/ :: {"d
  D15CRSRM5KK5 error: HTTP 400 for https://api.usaspending.gov/api/v2/search/spending_by_award/ :: {"d
  D18EAK71JJ87 error: HTTP 400 for https://api.usaspending.gov/api/v2/search/spending_by_award/ :: {"d
  D18MGJ6Z1687 error: HTTP 400 for https://api.usaspending.gov/api/v2/search/spending_by_award/ :: {"d
  D1AWNE2EWDL5 error: HTTP 400 for https://api.usaspending.gov/api/v2/search/spending_by_award/ :: {"d
  D1BEGNRECK79 error: HTTP 400 for https://api.usaspending.gov/api/v2/search/spending_by_award/ :: {"d
  D1BYG4JR5ME1 error: HTTP 400 for https://api.usaspending.gov/api/v2/search/spending_by_award/ :: {"d
  D1CJGMCZCJA8 error: HTTP 400 for https://api.usaspending.gov/api/v2/search/spending_by_award/ :: {"d
  D1CRFN89NF71 error: HTTP 400 for https://api.usaspending.gov/api/v2/search/spending_by_award/ :: {"d
  D1DBJDNJGLZ5 error: HTTP 400 for https://api.usaspending.gov/api/v2/search/spending_by_award/ :: {"d
  D1EHFML6TTM5 error: HTTP 400 for https://api.usaspending.gov/api/v2/search/spending_by_award/ :: {"d
  D1G7HV5SKPA4 error: HTTP 400 for https://api.usaspending.gov/api/v2/search/spending_by_award/ :: {"d
  D1GHHBBJFKT6 error: HTTP 400 for https://api.usaspending.gov/api/v2/search/spending_by_award/ :: {"d
  D1H3VK7MLAG8 error: HTTP 400 for https://api.usaspending.gov/api/v2/search/spending_by_award/ :: {"d
  D1HZRLH5SGK1 error: HTTP 400 for https://api.usaspending.gov/api/v2/search/spending_by_award/ :: {"d
  D1JMAQKMD9Q7 error: HTTP 400 for https://api.usaspending.gov/api/v2/search/spending_by_award/ :: {"d
  D1MWC7E2K444 error: HTTP 400 for https://api.usaspending.gov/api/v2/search/spending_by_award/ :: {"d
  D1NYXJFEBFZ5 error: HTTP 400 for https://api.usaspending.gov/api/v2/search/spending_by_award/ :: {"d
  D1TLHHFTGBD1 error: HTTP 400 for https://api.usaspending.gov/api/v2/search/spending_by_award/ :: {"d
  D1UFEJV2ZR27 error: HTTP 400 for https://api.usaspending.gov/api/v2/search/spending_by_award/ :: {"d
  D1VGQ236ALV3 error: HTTP 400 for https://api.usaspending.gov/api/v2/search/spending_by_award/ :: {"d
  D1VJN4L79DR3 error: HTTP 400 for https://api.usaspending.gov/api/v2/search/spending_by_award/ :: {"d
  D1WCP85RJ9K5 error: HTTP 400 for https://api.usaspending.gov/api/v2/search/spending_by_award/ :: {"d
  D1Y4ZMVNG9G5 error: HTTP 400 for https://api.usaspending.gov/api/v2/search/spending_by_award/ :: {"d
  D1YUJQUMGQE3 error: HTTP 400 for https://api.usaspending.gov/api/v2/search/spending_by_award/ :: {"d
  D1YXYTMXD9G5 error: HTTP 400 for https://api.usaspending.gov/api/v2/search/spending_by_award/ :: {"d
  D1ZJZTKQ1NK4 error: HTTP 400 for https://api.usaspending.gov/api/v2/search/spending_by_award/ :: {"d
  D1ZKMKNLGM25 error: HTTP 400 for https://api.usaspending.gov/api/v2/search/spending_by_award/ :: {"d
  D1ZZGRPWXSC9 error: HTTP 400 for https://api.usaspending.gov/api/v2/search/spending_by_award/ :: {"d
  D212JBDVCWY8 error: HTTP 400 for https://api.usaspending.gov/api/v2/search/spending_by_award/ :: {"d
  D216K5XN3SZ3 error: HTTP 400 for https://api.usaspending.gov/api/v2/search/spending_by_award/ :: {"d
  D21TJL4DBSS8 error: HTTP 400 for https://api.usaspending.gov/api/v2/search/spending_by_award/ :: {"d
  D22JDCH8LSM3 error: HTTP 400 for https://api.usaspending.gov/api/v2/search/spending_by_award/ :: {"d
  D22VFH3G7JM6 error: HTTP 400 for https://api.usaspending.gov/api/v2/search/spending_by_award/ :: {"d
  D24CKKFDHH75 error: HTTP 400 for https://api.usaspending.gov/api/v2/search/spending_by_award/ :: {"d
  D257SKLBZYF7 error: HTTP 400 for https://api.usaspending.gov/api/v2/search/spending_by_award/ :: {"d
  D27NXEM62NC7 error: HTTP 400 for https://api.usaspending.gov/api/v2/search/spending_by_award/ :: {"d
  D28JWEMFY9A6 error: HTTP 400 for https://api.usaspending.gov/api/v2/search/spending_by_award/ :: {"d
  D28NK3UH5KW7 error: HTTP 400 for https://api.usaspending.gov/api/v2/search/spending_by_award/ :: {"d
  D2A6H28P3B35 error: HTTP 400 for https://api.usaspending.gov/api/v2/search/spending_by_award/ :: {"d
  D2CBLENQ3NR8 error: HTTP 400 for https://api.usaspending.gov/api/v2/search/spending_by_award/ :: {"d
  D2CSBGNK4ZG7 error: HTTP 400 for https://api.usaspending.gov/api/v2/search/spending_by_award/ :: {"d
  D2D9ANKTLN46 error: HTTP 400 for https://api.usaspending.gov/api/v2/search/spending_by_award/ :: {"d
  D2DGLWMTDJH9 error: HTTP 400 for https://api.usaspending.gov/api/v2/search/spending_by_award/ :: {"d
  D2FMNK5P4BW7 error: HTTP 400 for https://api.usaspending.gov/api/v2/search/spending_by_award/ :: {"d
  D2GMQYFNBLJ4 error: HTTP 400 for https://api.usaspending.gov/api/v2/search/spending_by_award/ :: {"d
  D2HGVSWZLL58 error: HTTP 400 for https://api.usaspending.gov/api/v2/search/spending_by_award/ :: {"d
  D2KANZUMH565 error: HTTP 400 for https://api.usaspending.gov/api/v2/search/spending_by_award/ :: {"d
  D2KKMKLAHXK9 error: HTTP 400 for https://api.usaspending.gov/api/v2/search/spending_by_award/ :: {"d
  D2L5ZKMDYYH3 error: HTTP 400 for https://api.usaspending.gov/api/v2/search/spending_by_award/ :: {"d
  D2LHRQNRX5N9 error: HTTP 400 for https://api.usaspending.gov/api/v2/search/spending_by_award/ :: {"d
  D2LNFU9KSHC6 error: HTTP 400 for https://api.usaspending.gov/api/v2/search/spending_by_award/ :: {"d
  D2NMWAFNE3K3 error: HTTP 400 for https://api.usaspending.gov/api/v2/search/spending_by_award/ :: {"d
  D2SBAM7DHKE7 error: HTTP 400 for https://api.usaspending.gov/api/v2/search/spending_by_award/ :: {"d
  D2U6C81AN1W8 error: HTTP 400 for https://api.usaspending.gov/api/v2/search/spending_by_award/ :: {"d
  D2U8GUNKCHV7 error: HTTP 400 for https://api.usaspending.gov/api/v2/search/spending_by_award/ :: {"d
  D2XUWUC531J1 error: HTTP 400 for https://api.usaspending.gov/api/v2/search/spending_by_award/ :: {"d
  D2Y9D1ALFNR8 error: HTTP 400 for https://api.usaspending.gov/api/v2/search/spending_by_award/ :: {"d
  D2ZGT1LU6SE9 error: HTTP 400 for https://api.usaspending.gov/api/v2/search/spending_by_award/ :: {"d
  D2ZTBEJS3UV4 error: HTTP 400 for https://api.usaspending.gov/api/v2/search/spending_by_award/ :: {"d
  D32CBLYJNL37 error: HTTP 400 for https://api.usaspending.gov/api/v2/search/spending_by_award/ :: {"d
  D33QE53A2V54 error: HTTP 400 for https://api.usaspending.gov/api/v2/search/spending_by_award/ :: {"d
  D39SUVJ6AK58 error: HTTP 400 for https://api.usaspending.gov/api/v2/search/spending_by_award/ :: {"d
  D3A1DKUM8X91 error: HTTP 400 for https://api.usaspending.gov/api/v2/search/spending_by_award/ :: {"d
  D3BVYYFFLBL6 error: HTTP 400 for https://api.usaspending.gov/api/v2/search/spending_by_award/ :: {"d
  D3CKU2LJ9NA8 error: HTTP 400 for https://api.usaspending.gov/api/v2/search/spending_by_award/ :: {"d
  D3DTJBVZRVB8 error: HTTP 400 for https://api.usaspending.gov/api/v2/search/spending_by_award/ :: {"d
  D3G1TL9F3G95 error: HTTP 400 for https://api.usaspending.gov/api/v2/search/spending_by_award/ :: {"d
  D3GCW3AMMMV9 error: HTTP 400 for https://api.usaspending.gov/api/v2/search/spending_by_award/ :: {"d
  D3GETLS5WB67 error: HTTP 400 for https://api.usaspending.gov/api/v2/search/spending_by_award/ :: {"d
  D3HDZKRNLS63 error: HTTP 400 for https://api.usaspending.gov/api/v2/search/spending_by_award/ :: {"d
  D3JUPRHJEYP4 error: HTTP 400 for https://api.usaspending.gov/api/v2/search/spending_by_award/ :: {"d
  D3KHD8K1DEJ8 error: HTTP 400 for https://api.usaspending.gov/api/v2/search/spending_by_award/ :: {"d
  D3KNY3R2ALY6 error: HTTP 400 for https://api.usaspending.gov/api/v2/search/spending_by_award/ :: {"d
  D3LYFCJXMRS5 error: HTTP 400 for https://api.usaspending.gov/api/v2/search/spending_by_award/ :: {"d
  D3MAEF9NYDN9 error: HTTP 400 for https://api.usaspending.gov/api/v2/search/spending_by_award/ :: {"d
  D3MUME8J5T25 error: HTTP 400 for https://api.usaspending.gov/api/v2/search/spending_by_award/ :: {"d
  D3PPMTMJKAJ3 error: HTTP 400 for https://api.usaspending.gov/api/v2/search/spending_by_award/ :: {"d
  D3QJUWJUZAN8 error: HTTP 400 for https://api.usaspending.gov/api/v2/search/spending_by_award/ :: {"d
  D3QNNDAGFUK6 error: HTTP 400 for https://api.usaspending.gov/api/v2/search/spending_by_award/ :: {"d
  D3SLFNSLDQG1 error: HTTP 400 for https://api.usaspending.gov/api/v2/search/spending_by_award/ :: {"d
  D3ZGKY8GBJT6 error: HTTP 400 for https://api.usaspending.gov/api/v2/search/spending_by_award/ :: {"d
  D3ZVNXBL1DJ7 error: HTTP 400 for https://api.usaspending.gov/api/v2/search/spending_by_award/ :: {"d
  D41DH2ULQ1X7 error: HTTP 400 for https://api.usaspending.gov/api/v2/search/spending_by_award/ :: {"d
  D41GLGVMMYF4 error: HTTP 400 for https://api.usaspending.gov/api/v2/search/spending_by_award/ :: {"d
  D43CS8J42FK3 error: HTTP 400 for https://api.usaspending.gov/api/v2/search/spending_by_award/ :: {"d
  D44KX37DNUS9 error: HTTP 400 for https://api.usaspending.gov/api/v2/search/spending_by_award/ :: {"d
  D465LNL4KEE6 error: HTTP 400 for https://api.usaspending.gov/api/v2/search/spending_by_award/ :: {"d
  D466LBA66QM6 error: HTTP 400 for https://api.usaspending.gov/api/v2/search/spending_by_award/ :: {"d
  D46LRSHWJTB1 error: HTTP 400 for https://api.usaspending.gov/api/v2/search/spending_by_award/ :: {"d
  D47MDVJZKMF5 error: HTTP 400 for https://api.usaspending.gov/api/v2/search/spending_by_award/ :: {"d
  D4A4JMM918K1 error: HTTP 400 for https://api.usaspending.gov/api/v2/search/spending_by_award/ :: {"d
  D4AEJBK74GM5 error: HTTP 400 for https://api.usaspending.gov/api/v2/search/spending_by_award/ :: {"d
  D4BCV22GCZQ4 error: HTTP 400 for https://api.usaspending.gov/api/v2/search/spending_by_award/ :: {"d
  D4BZYKJCE8V6 error: HTTP 400 for https://api.usaspending.gov/api/v2/search/spending_by_award/ :: {"d
  D4C3CRLPMVL3 error: HTTP 400 for https://api.usaspending.gov/api/v2/search/spending_by_award/ :: {"d
  D4CTNVBJ76J9 error: HTTP 400 for https://api.usaspending.gov/api/v2/search/spending_by_award/ :: {"d
  D4DFRNZF51B7 error: HTTP 400 for https://api.usaspending.gov/api/v2/search/spending_by_award/ :: {"d
  D4DNYRRCE3H9 error: HTTP 400 for https://api.usaspending.gov/api/v2/search/spending_by_award/ :: {"d
  D4F1JAWJFA45 error: HTTP 400 for https://api.usaspending.gov/api/v2/search/spending_by_award/ :: {"d
  D4FTLKJV4JL1 error: HTTP 400 for https://api.usaspending.gov/api/v2/search/spending_by_award/ :: {"d
  D4J3GJFZ1C55 error: HTTP 400 for https://api.usaspending.gov/api/v2/search/spending_by_award/ :: {"d
  D4J7LCGKDX13 error: HTTP 400 for https://api.usaspending.gov/api/v2/search/spending_by_award/ :: {"d
  D4JBT4ANLH55 error: HTTP 400 for https://api.usaspending.gov/api/v2/search/spending_by_award/ :: {"d
  D4KSDZHUKW93 error: HTTP 400 for https://api.usaspending.gov/api/v2/search/spending_by_award/ :: {"d
  D4LKQGJVEJM5 error: HTTP 400 for https://api.usaspending.gov/api/v2/search/spending_by_award/ :: {"d
  D4LPKNZTBWZ3 error: HTTP 400 for https://api.usaspending.gov/api/v2/search/spending_by_award/ :: {"d
  D4N6U1M73KH7 error: HTTP 400 for https://api.usaspending.gov/api/v2/search/spending_by_award/ :: {"d
  D4P6CJMXNL95 error: HTTP 400 for https://api.usaspending.gov/api/v2/search/spending_by_award/ :: {"d
  D4P7H8NWZER7 error: HTTP 400 for https://api.usaspending.gov/api/v2/search/spending_by_award/ :: {"d
  D4PCRZSNNR26 error: HTTP 400 for https://api.usaspending.gov/api/v2/search/spending_by_award/ :: {"d
  D4PEDAKBZKH9 error: HTTP 400 for https://api.usaspending.gov/api/v2/search/spending_by_award/ :: {"d
  D4PSS54U3NN1 error: HTTP 400 for https://api.usaspending.gov/api/v2/search/spending_by_award/ :: {"d
  D4QQSLNCP9Z8 error: HTTP 400 for https://api.usaspending.gov/api/v2/search/spending_by_award/ :: {"d
  D4TVB6V5GYK8 error: HTTP 400 for https://api.usaspending.gov/api/v2/search/spending_by_award/ :: {"d
  D4UDBNDKGCZ8 error: HTTP 400 for https://api.usaspending.gov/api/v2/search/spending_by_award/ :: {"d
  D4UGZB2PEG83 error: HTTP 400 for https://api.usaspending.gov/api/v2/search/spending_by_award/ :: {"d
  D4UJHDF2HKV4 error: HTTP 400 for https://api.usaspending.gov/api/v2/search/spending_by_award/ :: {"d
  D4VALXDXHG55 error: HTTP 400 for https://api.usaspending.gov/api/v2/search/spending_by_award/ :: {"d
  D4W7SB9CF8G4 error: HTTP 400 for https://api.usaspending.gov/api/v2/search/spending_by_award/ :: {"d
  D4WFRK6LUJ33 error: HTTP 400 for https://api.usaspending.gov/api/v2/search/spending_by_award/ :: {"d
  D4WHLEEA8SJ5 error: HTTP 400 for https://api.usaspending.gov/api/v2/search/spending_by_award/ :: {"d
  D4XPGZPJWEQ6 error: HTTP 400 for https://api.usaspending.gov/api/v2/search/spending_by_award/ :: {"d
  D4Z5F5NVQJL7 error: HTTP 400 for https://api.usaspending.gov/api/v2/search/spending_by_award/ :: {"d
  D4ZKSXP3G5D5 error: HTTP 400 for https://api.usaspending.gov/api/v2/search/spending_by_award/ :: {"d
  D529MMWMNHW3 error: HTTP 400 for https://api.usaspending.gov/api/v2/search/spending_by_award/ :: {"d
  D53RPRM2LL65 error: HTTP 400 for https://api.usaspending.gov/api/v2/search/spending_by_award/ :: {"d
  D55RRNBWGXW5 error: HTTP 400 for https://api.usaspending.gov/api/v2/search/spending_by_award/ :: {"d
  D56HFN1UVPX8 error: HTTP 400 for https://api.usaspending.gov/api/v2/search/spending_by_award/ :: {"d
  D58BJKAKJ481 error: HTTP 400 for https://api.usaspending.gov/api/v2/search/spending_by_award/ :: {"d
  D5BDT9PLXYK6 error: HTTP 400 for https://api.usaspending.gov/api/v2/search/spending_by_award/ :: {"d
  D5CVJKKZZ4J8 error: HTTP 400 for https://api.usaspending.gov/api/v2/search/spending_by_award/ :: {"d
  D5D9EAMCUFL9 error: HTTP 400 for https://api.usaspending.gov/api/v2/search/spending_by_award/ :: {"d
  D5E3WVDN21N7 error: HTTP 400 for https://api.usaspending.gov/api/v2/search/spending_by_award/ :: {"d
  D5FMLLW463T3 error: HTTP 400 for https://api.usaspending.gov/api/v2/search/spending_by_award/ :: {"d
  D5HLSGYJ28H8 error: HTTP 400 for https://api.usaspending.gov/api/v2/search/spending_by_award/ :: {"d
  D5HML52KZNM1 error: HTTP 400 for https://api.usaspending.gov/api/v2/search/spending_by_award/ :: {"d
  D5J4LLSU89A4 error: HTTP 400 for https://api.usaspending.gov/api/v2/search/spending_by_award/ :: {"d
  D5JJD893NDK9 error: HTTP 400 for https://api.usaspending.gov/api/v2/search/spending_by_award/ :: {"d
  D5K2C5KB1NQ8 error: HTTP 400 for https://api.usaspending.gov/api/v2/search/spending_by_award/ :: {"d
  D5K3TCJMJ299 error: HTTP 400 for https://api.usaspending.gov/api/v2/search/spending_by_award/ :: {"d
  D5KQNTXMLD68 error: HTTP 400 for https://api.usaspending.gov/api/v2/search/spending_by_award/ :: {"d
  D5LDZQ4KBND6 error: HTTP 400 for https://api.usaspending.gov/api/v2/search/spending_by_award/ :: {"d
  D5N2UKMTJ7N1 error: HTTP 400 for https://api.usaspending.gov/api/v2/search/spending_by_award/ :: {"d
  D5NVBYGBAWN7 error: HTTP 400 for https://api.usaspending.gov/api/v2/search/spending_by_award/ :: {"d
  D5P5XMELD9Y4 error: HTTP 400 for https://api.usaspending.gov/api/v2/search/spending_by_award/ :: {"d
  D5PSTM37Q4W6 error: HTTP 400 for https://api.usaspending.gov/api/v2/search/spending_by_award/ :: {"d
  D5QEWCTM4HA9 error: HTTP 400 for https://api.usaspending.gov/api/v2/search/spending_by_award/ :: {"d
  D5S9JZ1KDP49 error: HTTP 400 for https://api.usaspending.gov/api/v2/search/spending_by_award/ :: {"d
  D5TDCCNYXN47 error: HTTP 400 for https://api.usaspending.gov/api/v2/search/spending_by_award/ :: {"d
  D5TQTRHK65A7 error: HTTP 400 for https://api.usaspending.gov/api/v2/search/spending_by_award/ :: {"d
  D5WGFPHHTM35 error: HTTP 400 for https://api.usaspending.gov/api/v2/search/spending_by_award/ :: {"d
  D5X5GKUZUWS9 error: HTTP 400 for https://api.usaspending.gov/api/v2/search/spending_by_award/ :: {"d
  D5XHD5DNL3J9 error: HTTP 400 for https://api.usaspending.gov/api/v2/search/spending_by_award/ :: {"d
  D5XKSX9CL3C9 error: HTTP 400 for https://api.usaspending.gov/api/v2/search/spending_by_award/ :: {"d
  D5YAFL9XJ7C3 error: HTTP 400 for https://api.usaspending.gov/api/v2/search/spending_by_award/ :: {"d
  D5YWLV6J3BF7 error: HTTP 400 for https://api.usaspending.gov/api/v2/search/spending_by_award/ :: {"d
  D62RPXS5MWJ5 error: HTTP 400 for https://api.usaspending.gov/api/v2/search/spending_by_award/ :: {"d
  D63DSMWBKM37 error: HTTP 400 for https://api.usaspending.gov/api/v2/search/spending_by_award/ :: {"d
  D65JCDLV2LE5 error: HTTP 400 for https://api.usaspending.gov/api/v2/search/spending_by_award/ :: {"d
  D66CU59MAAN1 error: HTTP 400 for https://api.usaspending.gov/api/v2/search/spending_by_award/ :: {"d
  D68QABJKGHS7 error: HTTP 400 for https://api.usaspending.gov/api/v2/search/spending_by_award/ :: {"d
  1200/17687 UEIs, 60568 awards (0.0 UEI/s)
  D697ANJLFJL9 error: HTTP 400 for https://api.usaspending.gov/api/v2/search/spending_by_award/ :: {"d
  D6B7PWFDT7V8 error: HTTP 400 for https://api.usaspending.gov/api/v2/search/spending_by_award/ :: {"d
  D6DJA7JESWR5 error: HTTP 400 for https://api.usaspending.gov/api/v2/search/spending_by_award/ :: {"d
  D6DMXJD67LJ5 error: HTTP 400 for https://api.usaspending.gov/api/v2/search/spending_by_award/ :: {"d
  D6DRTQLJBNB1 error: HTTP 400 for https://api.usaspending.gov/api/v2/search/spending_by_award/ :: {"d
  D6GHSDNG8F75 error: HTTP 400 for https://api.usaspending.gov/api/v2/search/spending_by_award/ :: {"d
  D6GPXMMRNN94 error: HTTP 400 for https://api.usaspending.gov/api/v2/search/spending_by_award/ :: {"d
  D6H7YDWY5HG7 error: HTTP 400 for https://api.usaspending.gov/api/v2/search/spending_by_award/ :: {"d
  D6NBCNB2YWW8 error: HTTP 400 for https://api.usaspending.gov/api/v2/search/spending_by_award/ :: {"d
  D6P8H8489788 error: HTTP 400 for https://api.usaspending.gov/api/v2/search/spending_by_award/ :: {"d
  D6PGNJKP8NS5 error: HTTP 400 for https://api.usaspending.gov/api/v2/search/spending_by_award/ :: {"d
  D6QGDTEKJKN5 error: HTTP 400 for https://api.usaspending.gov/api/v2/search/spending_by_award/ :: {"d
  D6TTHHZ4SXY1 error: HTTP 400 for https://api.usaspending.gov/api/v2/search/spending_by_award/ :: {"d
  D6VLAANVC5E7 error: HTTP 400 for https://api.usaspending.gov/api/v2/search/spending_by_award/ :: {"d
  D6W1TU86W1H7 error: HTTP 400 for https://api.usaspending.gov/api/v2/search/spending_by_award/ :: {"d
  D6XNSNYVF2H1 error: HTTP 400 for https://api.usaspending.gov/api/v2/search/spending_by_award/ :: {"d
  D73LZHSBX331 error: HTTP 400 for https://api.usaspending.gov/api/v2/search/spending_by_award/ :: {"d
  D74FX53RKJ15 error: HTTP 400 for https://api.usaspending.gov/api/v2/search/spending_by_award/ :: {"d
  D75WP2WQM387 error: HTTP 400 for https://api.usaspending.gov/api/v2/search/spending_by_award/ :: {"d
  D76NCVDL5PK5 error: HTTP 400 for https://api.usaspending.gov/api/v2/search/spending_by_award/ :: {"d
  D77HU977E973 error: HTTP 400 for https://api.usaspending.gov/api/v2/search/spending_by_award/ :: {"d
  D79JETZN6NX8 error: HTTP 400 for https://api.usaspending.gov/api/v2/search/spending_by_award/ :: {"d
  D7A5TLKF2P63 error: HTTP 400 for https://api.usaspending.gov/api/v2/search/spending_by_award/ :: {"d
  D7D9BJC4AMP5 error: HTTP 400 for https://api.usaspending.gov/api/v2/search/spending_by_award/ :: {"d
  D7EBKGVJRCL1 error: HTTP 400 for https://api.usaspending.gov/api/v2/search/spending_by_award/ :: {"d
  D7F1Y2B2NKP8 error: HTTP 400 for https://api.usaspending.gov/api/v2/search/spending_by_award/ :: {"d
  D7FHVPR8R7G7 error: HTTP 400 for https://api.usaspending.gov/api/v2/search/spending_by_award/ :: {"d
  D7KCPXD9ZMM1 error: HTTP 400 for https://api.usaspending.gov/api/v2/search/spending_by_award/ :: {"d
  D7KGYP3G1WT8 error: HTTP 400 for https://api.usaspending.gov/api/v2/search/spending_by_award/ :: {"d
  D7L7MVLWMPD6 error: HTTP 400 for https://api.usaspending.gov/api/v2/search/spending_by_award/ :: {"d
  D7MYJHHZ18F6 error: HTTP 400 for https://api.usaspending.gov/api/v2/search/spending_by_award/ :: {"d
  D7NWK48NSC98 error: HTTP 400 for https://api.usaspending.gov/api/v2/search/spending_by_award/ :: {"d
  D7PLQB4CAJ56 error: HTTP 400 for https://api.usaspending.gov/api/v2/search/spending_by_award/ :: {"d
  D7R1PCNLXHR4 error: HTTP 400 for https://api.usaspending.gov/api/v2/search/spending_by_award/ :: {"d
  D7RAMK35E375 error: HTTP 400 for https://api.usaspending.gov/api/v2/search/spending_by_award/ :: {"d
  D7RJACF7GJU6 error: HTTP 400 for https://api.usaspending.gov/api/v2/search/spending_by_award/ :: {"d
  D7UJYNT6P7U8 error: HTTP 400 for https://api.usaspending.gov/api/v2/search/spending_by_award/ :: {"d
  D7ZJLVNG96J6 error: HTTP 400 for https://api.usaspending.gov/api/v2/search/spending_by_award/ :: {"d
  D81PRE7NXPE6 error: HTTP 400 for https://api.usaspending.gov/api/v2/search/spending_by_award/ :: {"d
  D831KTEFMG23 error: HTTP 400 for https://api.usaspending.gov/api/v2/search/spending_by_award/ :: {"d
  D84UDFU9R9K4 error: HTTP 400 for https://api.usaspending.gov/api/v2/search/spending_by_award/ :: {"d
  D85BGJ4QZ1B5 error: HTTP 400 for https://api.usaspending.gov/api/v2/search/spending_by_award/ :: {"d
  D874WKCNMJY3 error: HTTP 400 for https://api.usaspending.gov/api/v2/search/spending_by_award/ :: {"d
  D87QJYN7TAM8 error: HTTP 400 for https://api.usaspending.gov/api/v2/search/spending_by_award/ :: {"d
  D88NY6MGVN49 error: HTTP 400 for https://api.usaspending.gov/api/v2/search/spending_by_award/ :: {"d
  D89TJJ91L9A6 error: HTTP 400 for https://api.usaspending.gov/api/v2/search/spending_by_award/ :: {"d
  D89UNEZS9MD3 error: HTTP 400 for https://api.usaspending.gov/api/v2/search/spending_by_award/ :: {"d
  D8AEDCJ5FW59 error: HTTP 400 for https://api.usaspending.gov/api/v2/search/spending_by_award/ :: {"d
  D8AGGMLFHGH9 error: HTTP 400 for https://api.usaspending.gov/api/v2/search/spending_by_award/ :: {"d
  D8AZA8M7HK44 error: HTTP 400 for https://api.usaspending.gov/api/v2/search/spending_by_award/ :: {"d
  D8EUA5U2F9J3 error: HTTP 400 for https://api.usaspending.gov/api/v2/search/spending_by_award/ :: {"d
  D8F4HNR8XTG6 error: HTTP 400 for https://api.usaspending.gov/api/v2/search/spending_by_award/ :: {"d
  D8FQC7NN1EJ3 error: HTTP 400 for https://api.usaspending.gov/api/v2/search/spending_by_award/ :: {"d
  D8GGHDSW83X5 error: HTTP 400 for https://api.usaspending.gov/api/v2/search/spending_by_award/ :: {"d
  D8KRZ72WNGH9 error: HTTP 400 for https://api.usaspending.gov/api/v2/search/spending_by_award/ :: {"d
  D8L4VNN7RRN7 error: HTTP 400 for https://api.usaspending.gov/api/v2/search/spending_by_award/ :: {"d
  D8LBPMMETSN5 error: HTTP 400 for https://api.usaspending.gov/api/v2/search/spending_by_award/ :: {"d
  D8LCBCN4AQL7 error: HTTP 400 for https://api.usaspending.gov/api/v2/search/spending_by_award/ :: {"d
  D8LJDRWSNVE5 error: HTTP 400 for https://api.usaspending.gov/api/v2/search/spending_by_award/ :: {"d
  D8LJKZM7KZM5 error: HTTP 400 for https://api.usaspending.gov/api/v2/search/spending_by_award/ :: {"d
  D8U3AYZ9JL86 error: HTTP 400 for https://api.usaspending.gov/api/v2/search/spending_by_award/ :: {"d
  D8U3TMZK6LL9 error: HTTP 400 for https://api.usaspending.gov/api/v2/search/spending_by_award/ :: {"d
  D8VCNWU7JBV4 error: HTTP 400 for https://api.usaspending.gov/api/v2/search/spending_by_award/ :: {"d
  D8X6WH1D6N65 error: HTTP 400 for https://api.usaspending.gov/api/v2/search/spending_by_award/ :: {"d
  D8XXKDNVK9Q5 error: HTTP 400 for https://api.usaspending.gov/api/v2/search/spending_by_award/ :: {"d
  D8Y8J56HJCY3 error: HTTP 400 for https://api.usaspending.gov/api/v2/search/spending_by_award/ :: {"d
  D8ZBWCQRQCJ8 error: HTTP 400 for https://api.usaspending.gov/api/v2/search/spending_by_award/ :: {"d
  D92ALEWWEN65 error: HTTP 400 for https://api.usaspending.gov/api/v2/search/spending_by_award/ :: {"d
  D93ZD1HRNGG7 error: HTTP 400 for https://api.usaspending.gov/api/v2/search/spending_by_award/ :: {"d
  D95DUST1M9Q5 error: HTTP 400 for https://api.usaspending.gov/api/v2/search/spending_by_award/ :: {"d
  D95WWTFD5DV5 error: HTTP 400 for https://api.usaspending.gov/api/v2/search/spending_by_award/ :: {"d
  D966SRZ9R7Y5 error: HTTP 400 for https://api.usaspending.gov/api/v2/search/spending_by_award/ :: {"d
  D9A3WGAP1W68 error: HTTP 400 for https://api.usaspending.gov/api/v2/search/spending_by_award/ :: {"d
  D9B6DH2M3Q68 error: HTTP 400 for https://api.usaspending.gov/api/v2/search/spending_by_award/ :: {"d
  D9CEL9UEP8Q1 error: HTTP 400 for https://api.usaspending.gov/api/v2/search/spending_by_award/ :: {"d
  D9DZXNVZGJM8 error: HTTP 400 for https://api.usaspending.gov/api/v2/search/spending_by_award/ :: {"d
  D9E1FJEHYHJ1 error: HTTP 400 for https://api.usaspending.gov/api/v2/search/spending_by_award/ :: {"d
  D9EDB6DHK4G1 error: HTTP 400 for https://api.usaspending.gov/api/v2/search/spending_by_award/ :: {"d
  D9EFKKGTLZ81 error: HTTP 400 for https://api.usaspending.gov/api/v2/search/spending_by_award/ :: {"d
  D9GPEHK4HGZ6 error: HTTP 400 for https://api.usaspending.gov/api/v2/search/spending_by_award/ :: {"d
  D9H8LRADZSL3 error: HTTP 400 for https://api.usaspending.gov/api/v2/search/spending_by_award/ :: {"d
  D9JKHAL5D2R1 error: HTTP 400 for https://api.usaspending.gov/api/v2/search/spending_by_award/ :: {"d
  D9LJJVCE5467 error: HTTP 400 for https://api.usaspending.gov/api/v2/search/spending_by_award/ :: {"d
  D9LJJVCES467 error: HTTP 400 for https://api.usaspending.gov/api/v2/search/spending_by_award/ :: {"d
  D9LVJ1VGNUH8 error: HTTP 400 for https://api.usaspending.gov/api/v2/search/spending_by_award/ :: {"d
  D9N4MUHLQES3 error: HTTP 400 for https://api.usaspending.gov/api/v2/search/spending_by_award/ :: {"d
  D9PMMFKTLCF5 error: HTTP 400 for https://api.usaspending.gov/api/v2/search/spending_by_award/ :: {"d
  D9PMUFJTGD46 error: HTTP 400 for https://api.usaspending.gov/api/v2/search/spending_by_award/ :: {"d
  D9S3KAGFEGM4 error: HTTP 400 for https://api.usaspending.gov/api/v2/search/spending_by_award/ :: {"d
  D9VMQTZN8NT5 error: HTTP 400 for https://api.usaspending.gov/api/v2/search/spending_by_award/ :: {"d
  D9WSLDV2NPX3 error: HTTP 400 for https://api.usaspending.gov/api/v2/search/spending_by_award/ :: {"d
  D9Z8JHBGJ1L4 error: HTTP 400 for https://api.usaspending.gov/api/v2/search/spending_by_award/ :: {"d
  DA1EFNZJ5D29 error: HTTP 400 for https://api.usaspending.gov/api/v2/search/spending_by_award/ :: {"d
  DA4DKV6LGFK9 error: HTTP 400 for https://api.usaspending.gov/api/v2/search/spending_by_award/ :: {"d
  DA4LJYTWYH16 error: HTTP 400 for https://api.usaspending.gov/api/v2/search/spending_by_award/ :: {"d
  DA4SMTDS8384 error: HTTP 400 for https://api.usaspending.gov/api/v2/search/spending_by_award/ :: {"d
  DA5EAJZMGME7 error: HTTP 400 for https://api.usaspending.gov/api/v2/search/spending_by_award/ :: {"d
  DA5GJFUW65R4 error: HTTP 400 for https://api.usaspending.gov/api/v2/search/spending_by_award/ :: {"d
  DA69K1619MG6 error: HTTP 400 for https://api.usaspending.gov/api/v2/search/spending_by_award/ :: {"d
  DA6QF5AL2R86 error: HTTP 400 for https://api.usaspending.gov/api/v2/search/spending_by_award/ :: {"d
  DA77SPAWPKM5 error: HTTP 400 for https://api.usaspending.gov/api/v2/search/spending_by_award/ :: {"d
  DA7EACJJ2K49 error: HTTP 400 for https://api.usaspending.gov/api/v2/search/spending_by_award/ :: {"d
  DAAGZXHNZXV3 error: HTTP 400 for https://api.usaspending.gov/api/v2/search/spending_by_award/ :: {"d
  DAD1E9G9KX56 error: HTTP 400 for https://api.usaspending.gov/api/v2/search/spending_by_award/ :: {"d
  DADDJ2EKZ5L8 error: HTTP 400 for https://api.usaspending.gov/api/v2/search/spending_by_award/ :: {"d
  DAE1MQ2FVXV8 error: HTTP 400 for https://api.usaspending.gov/api/v2/search/spending_by_award/ :: {"d
  DAFBKJL2L4J5 error: HTTP 400 for https://api.usaspending.gov/api/v2/search/spending_by_award/ :: {"d
  DAHKXWEXEAP1 error: HTTP 400 for https://api.usaspending.gov/api/v2/search/spending_by_award/ :: {"d
  DAJ1W7636HK1 error: HTTP 400 for https://api.usaspending.gov/api/v2/search/spending_by_award/ :: {"d
  DAJ8XTCQL1A5 error: HTTP 400 for https://api.usaspending.gov/api/v2/search/spending_by_award/ :: {"d
  DAJDARNBA5Y8 error: HTTP 400 for https://api.usaspending.gov/api/v2/search/spending_by_award/ :: {"d
  DAK5U8MA29G5 error: HTTP 400 for https://api.usaspending.gov/api/v2/search/spending_by_award/ :: {"d
  DAKHSD18MVG5 error: HTTP 400 for https://api.usaspending.gov/api/v2/search/spending_by_award/ :: {"d
  DALESM1NLSF4 error: HTTP 400 for https://api.usaspending.gov/api/v2/search/spending_by_award/ :: {"d
  DAMKNNNK73M3 error: HTTP 400 for https://api.usaspending.gov/api/v2/search/spending_by_award/ :: {"d
  DAMXRSX8WR25 error: HTTP 400 for https://api.usaspending.gov/api/v2/search/spending_by_award/ :: {"d
  DANCUNDPRJN5 error: HTTP 400 for https://api.usaspending.gov/api/v2/search/spending_by_award/ :: {"d
  DANEJBLFKHY4 error: HTTP 400 for https://api.usaspending.gov/api/v2/search/spending_by_award/ :: {"d
  DANLUTEHQNC5 error: HTTP 400 for https://api.usaspending.gov/api/v2/search/spending_by_award/ :: {"d
  DARFCMBALGL9 error: HTTP 400 for https://api.usaspending.gov/api/v2/search/spending_by_award/ :: {"d
  DASAFLTJUTD6 error: HTTP 400 for https://api.usaspending.gov/api/v2/search/spending_by_award/ :: {"d
  DASRPLFNS6E7 error: HTTP 400 for https://api.usaspending.gov/api/v2/search/spending_by_award/ :: {"d
  DAWZVD5DY466 error: HTTP 400 for https://api.usaspending.gov/api/v2/search/spending_by_award/ :: {"d
  DAXHPPBL6KP5 error: HTTP 400 for https://api.usaspending.gov/api/v2/search/spending_by_award/ :: {"d
  DAZ3JD14NLM9 error: HTTP 400 for https://api.usaspending.gov/api/v2/search/spending_by_award/ :: {"d
  DAZ3PRU8U4J5 error: HTTP 400 for https://api.usaspending.gov/api/v2/search/spending_by_award/ :: {"d
  DAZVMCPXKJT7 error: HTTP 400 for https://api.usaspending.gov/api/v2/search/spending_by_award/ :: {"d
  DB14JLNJX655 error: HTTP 400 for https://api.usaspending.gov/api/v2/search/spending_by_award/ :: {"d
  DB1VTL1RAJN5 error: HTTP 400 for https://api.usaspending.gov/api/v2/search/spending_by_award/ :: {"d
  DB2EH2T9DM93 error: HTTP 400 for https://api.usaspending.gov/api/v2/search/spending_by_award/ :: {"d
  DB3UDEWQ2JK3 error: HTTP 400 for https://api.usaspending.gov/api/v2/search/spending_by_award/ :: {"d
  DB3WHJ7HGTD3 error: HTTP 400 for https://api.usaspending.gov/api/v2/search/spending_by_award/ :: {"d
  DB4GP1N8WC26 error: HTTP 400 for https://api.usaspending.gov/api/v2/search/spending_by_award/ :: {"d
  DB7AFL2FZMD1 error: HTTP 400 for https://api.usaspending.gov/api/v2/search/spending_by_award/ :: {"d
  DB97JKUQM8Q8 error: HTTP 400 for https://api.usaspending.gov/api/v2/search/spending_by_award/ :: {"d
  DBB7K12LJVK6 error: HTTP 400 for https://api.usaspending.gov/api/v2/search/spending_by_award/ :: {"d
  DBBTN1ADVU41 error: HTTP 400 for https://api.usaspending.gov/api/v2/search/spending_by_award/ :: {"d
  DBCLWMCW33V9 error: HTTP 400 for https://api.usaspending.gov/api/v2/search/spending_by_award/ :: {"d
  DBCQKSS8U6K8 error: HTTP 400 for https://api.usaspending.gov/api/v2/search/spending_by_award/ :: {"d
  DBENY4DCRRE5 error: HTTP 400 for https://api.usaspending.gov/api/v2/search/spending_by_award/ :: {"d
  DBEWHYGHPGC5 error: HTTP 400 for https://api.usaspending.gov/api/v2/search/spending_by_award/ :: {"d
  DBGMRRRD6T43 error: HTTP 400 for https://api.usaspending.gov/api/v2/search/spending_by_award/ :: {"d
  DBH1UNN8U5J3 error: HTTP 400 for https://api.usaspending.gov/api/v2/search/spending_by_award/ :: {"d
  DBJNSNAJZCM6 error: HTTP 400 for https://api.usaspending.gov/api/v2/search/spending_by_award/ :: {"d
  DBJRW255QJ75 error: HTTP 400 for https://api.usaspending.gov/api/v2/search/spending_by_award/ :: {"d
  DBK5ZDNJHAV8 error: HTTP 400 for https://api.usaspending.gov/api/v2/search/spending_by_award/ :: {"d
  DBKJGDTAQN39 error: HTTP 400 for https://api.usaspending.gov/api/v2/search/spending_by_award/ :: {"d
  DBKJGDTAZN39 error: HTTP 400 for https://api.usaspending.gov/api/v2/search/spending_by_award/ :: {"d
  DBKUXEVVS8L8 error: HTTP 400 for https://api.usaspending.gov/api/v2/search/spending_by_award/ :: {"d
  DBL5ZPBLQC11 error: HTTP 400 for https://api.usaspending.gov/api/v2/search/spending_by_award/ :: {"d
  DBL6VJ7GQSW9 error: HTTP 400 for https://api.usaspending.gov/api/v2/search/spending_by_award/ :: {"d
  DBLFVTLKB2H3 error: HTTP 400 for https://api.usaspending.gov/api/v2/search/spending_by_award/ :: {"d
  DBM1C8MDJ5L3 error: HTTP 400 for https://api.usaspending.gov/api/v2/search/spending_by_award/ :: {"d
  DBN6SAWCLPD9 error: HTTP 400 for https://api.usaspending.gov/api/v2/search/spending_by_award/ :: {"d
  DBNEKR9XUVG6 error: HTTP 400 for https://api.usaspending.gov/api/v2/search/spending_by_award/ :: {"d
  DBPMK7XDKTG3 error: HTTP 400 for https://api.usaspending.gov/api/v2/search/spending_by_award/ :: {"d
  DBPSHJAXNPJ5 error: HTTP 400 for https://api.usaspending.gov/api/v2/search/spending_by_award/ :: {"d
  DBRGTD7EY3M1 error: HTTP 400 for https://api.usaspending.gov/api/v2/search/spending_by_award/ :: {"d
  DBTKVJYNQCT5 error: HTTP 400 for https://api.usaspending.gov/api/v2/search/spending_by_award/ :: {"d
  DBUKSNDWRJ57 error: HTTP 400 for https://api.usaspending.gov/api/v2/search/spending_by_award/ :: {"d
  DBVEXRUANRB3 error: HTTP 400 for https://api.usaspending.gov/api/v2/search/spending_by_award/ :: {"d
  DBXGD2NJ31J3 error: HTTP 400 for https://api.usaspending.gov/api/v2/search/spending_by_award/ :: {"d
  DBYAAJXUM8R7 error: HTTP 400 for https://api.usaspending.gov/api/v2/search/spending_by_award/ :: {"d
  DBZ3BXMB3ES7 error: HTTP 400 for https://api.usaspending.gov/api/v2/search/spending_by_award/ :: {"d
  DC1BE5CMN311 error: HTTP 400 for https://api.usaspending.gov/api/v2/search/spending_by_award/ :: {"d
  DC1EZTDTG4A7 error: HTTP 400 for https://api.usaspending.gov/api/v2/search/spending_by_award/ :: {"d
  DC1NWL94SQY5 error: HTTP 400 for https://api.usaspending.gov/api/v2/search/spending_by_award/ :: {"d
  DC3JX8W3GPP3 error: HTTP 400 for https://api.usaspending.gov/api/v2/search/spending_by_award/ :: {"d
  DC4UE8MU2ZE8 error: HTTP 400 for https://api.usaspending.gov/api/v2/search/spending_by_award/ :: {"d
  DC6YGMLFMP89 error: HTTP 400 for https://api.usaspending.gov/api/v2/search/spending_by_award/ :: {"d
  DC8VV288MBP7 error: HTTP 400 for https://api.usaspending.gov/api/v2/search/spending_by_award/ :: {"d
  DC9CME1ZSCS1 error: HTTP 400 for https://api.usaspending.gov/api/v2/search/spending_by_award/ :: {"d
  DC9MX1CEFH53 error: HTTP 400 for https://api.usaspending.gov/api/v2/search/spending_by_award/ :: {"d
  DC9UXK381JR5 error: HTTP 400 for https://api.usaspending.gov/api/v2/search/spending_by_award/ :: {"d
  DCAXDXPTAMJ9 error: HTTP 400 for https://api.usaspending.gov/api/v2/search/spending_by_award/ :: {"d
  DCBCUBQLAEN1 error: HTTP 400 for https://api.usaspending.gov/api/v2/search/spending_by_award/ :: {"d
  DCCAL8GADYF8 error: HTTP 400 for https://api.usaspending.gov/api/v2/search/spending_by_award/ :: {"d
  DCCNKAY564Q3 error: HTTP 400 for https://api.usaspending.gov/api/v2/search/spending_by_award/ :: {"d
  DCFLP33NLE16 error: HTTP 400 for https://api.usaspending.gov/api/v2/search/spending_by_award/ :: {"d
  DCFQHGEENH69 error: HTTP 400 for https://api.usaspending.gov/api/v2/search/spending_by_award/ :: {"d
  DCH4NJM43TG5 error: HTTP 400 for https://api.usaspending.gov/api/v2/search/spending_by_award/ :: {"d
  DCHYB866LFF5 error: HTTP 400 for https://api.usaspending.gov/api/v2/search/spending_by_award/ :: {"d
  DCJGSC4LY1W4 error: HTTP 400 for https://api.usaspending.gov/api/v2/search/spending_by_award/ :: {"d
  DCL3ZY6HCUZ4 error: HTTP 400 for https://api.usaspending.gov/api/v2/search/spending_by_award/ :: {"d
  DCN5FGEANST9 error: HTTP 400 for https://api.usaspending.gov/api/v2/search/spending_by_award/ :: {"d
  DCNCCMS96EL5 error: HTTP 400 for https://api.usaspending.gov/api/v2/search/spending_by_award/ :: {"d
  DCP1YBXQKD21 error: HTTP 400 for https://api.usaspending.gov/api/v2/search/spending_by_award/ :: {"d
  DCPWNLGWKND9 error: HTTP 400 for https://api.usaspending.gov/api/v2/search/spending_by_award/ :: {"d
  DCQQX5TRCYN9 error: HTTP 400 for https://api.usaspending.gov/api/v2/search/spending_by_award/ :: {"d
  DCT1MCBLYLA1 error: HTTP 400 for https://api.usaspending.gov/api/v2/search/spending_by_award/ :: {"d
  DCTXDJZTEWM3 error: HTTP 400 for https://api.usaspending.gov/api/v2/search/spending_by_award/ :: {"d
  DCU7Y1K5NHU8 error: HTTP 400 for https://api.usaspending.gov/api/v2/search/spending_by_award/ :: {"d
  DCUXNMCS6LM8 error: HTTP 400 for https://api.usaspending.gov/api/v2/search/spending_by_award/ :: {"d
  DCV5DFHWJLG3 error: HTTP 400 for https://api.usaspending.gov/api/v2/search/spending_by_award/ :: {"d
  DCVDF7MJKPC4 error: HTTP 400 for https://api.usaspending.gov/api/v2/search/spending_by_award/ :: {"d
  DD1KWENEF4G3 error: HTTP 400 for https://api.usaspending.gov/api/v2/search/spending_by_award/ :: {"d
  DD2HAEDGCCQ5 error: HTTP 400 for https://api.usaspending.gov/api/v2/search/spending_by_award/ :: {"d
  DD2NB92Y9GH2 error: HTTP 400 for https://api.usaspending.gov/api/v2/search/spending_by_award/ :: {"d
  DD41WERUEDM8 error: HTTP 400 for https://api.usaspending.gov/api/v2/search/spending_by_award/ :: {"d
  DD42BBQQ7KN7 error: HTTP 400 for https://api.usaspending.gov/api/v2/search/spending_by_award/ :: {"d
  1400/17687 UEIs, 70830 awards (0.0 UEI/s)
  DDA5AJEUAUY8 error: HTTP 400 for https://api.usaspending.gov/api/v2/search/spending_by_award/ :: {"d
  DDA7KKT9VQE7 error: HTTP 400 for https://api.usaspending.gov/api/v2/search/spending_by_award/ :: {"d
  DDCJME29DKK1 error: HTTP 400 for https://api.usaspending.gov/api/v2/search/spending_by_award/ :: {"d
  DDCPKHUG8KU5 error: HTTP 400 for https://api.usaspending.gov/api/v2/search/spending_by_award/ :: {"d
  DDERV15UZYV4 error: HTTP 400 for https://api.usaspending.gov/api/v2/search/spending_by_award/ :: {"d
  DDETRZND9986 error: HTTP 400 for https://api.usaspending.gov/api/v2/search/spending_by_award/ :: {"d
  DDHHZ8W6W9Q5 error: HTTP 400 for https://api.usaspending.gov/api/v2/search/spending_by_award/ :: {"d
  DDHRXGH46WU5 error: HTTP 400 for https://api.usaspending.gov/api/v2/search/spending_by_award/ :: {"d
  DDJ8JGZKMZ21 error: HTTP 400 for https://api.usaspending.gov/api/v2/search/spending_by_award/ :: {"d
  DDJFJ6UEBEF5 error: HTTP 400 for https://api.usaspending.gov/api/v2/search/spending_by_award/ :: {"d
  DDKNC6RAUSA5 error: HTTP 400 for https://api.usaspending.gov/api/v2/search/spending_by_award/ :: {"d
  DDN1LD53FZH1 error: HTTP 400 for https://api.usaspending.gov/api/v2/search/spending_by_award/ :: {"d
  DDN5T917GM84 error: HTTP 400 for https://api.usaspending.gov/api/v2/search/spending_by_award/ :: {"d
  DDNJR9SNQDU4 error: HTTP 400 for https://api.usaspending.gov/api/v2/search/spending_by_award/ :: {"d
  DDNMD7YRLX58 error: HTTP 400 for https://api.usaspending.gov/api/v2/search/spending_by_award/ :: {"d
  DDNMPFVUGDZ7 error: HTTP 400 for https://api.usaspending.gov/api/v2/search/spending_by_award/ :: {"d
  DDPEKEXGUBC5 error: HTTP 400 for https://api.usaspending.gov/api/v2/search/spending_by_award/ :: {"d
  DDPFTSS7ELJ8 error: HTTP 400 for https://api.usaspending.gov/api/v2/search/spending_by_award/ :: {"d
  DDQ7YH9CJGM9 error: HTTP 400 for https://api.usaspending.gov/api/v2/search/spending_by_award/ :: {"d
  DDQKK344UTL5 error: HTTP 400 for https://api.usaspending.gov/api/v2/search/spending_by_award/ :: {"d
  DDUNWJQV8113 error: HTTP 400 for https://api.usaspending.gov/api/v2/search/spending_by_award/ :: {"d
  DDUSWACR4NN9 error: HTTP 400 for https://api.usaspending.gov/api/v2/search/spending_by_award/ :: {"d
  DDW3C3XPEPU8 error: HTTP 400 for https://api.usaspending.gov/api/v2/search/spending_by_award/ :: {"d
  DDW4SJ1G8QM7 error: HTTP 400 for https://api.usaspending.gov/api/v2/search/spending_by_award/ :: {"d
  DDY6ZK72WHH7 error: HTTP 400 for https://api.usaspending.gov/api/v2/search/spending_by_award/ :: {"d
  DDYJMLC6CFB3 error: HTTP 400 for https://api.usaspending.gov/api/v2/search/spending_by_award/ :: {"d
  DDZCEV5EGC99 error: HTTP 400 for https://api.usaspending.gov/api/v2/search/spending_by_award/ :: {"d
  DE26NNR6K1J4 error: HTTP 400 for https://api.usaspending.gov/api/v2/search/spending_by_award/ :: {"d
  DE2XFGPKP456 error: HTTP 400 for https://api.usaspending.gov/api/v2/search/spending_by_award/ :: {"d
  DE2YG416FMB4 error: HTTP 400 for https://api.usaspending.gov/api/v2/search/spending_by_award/ :: {"d
  DE3GD5521AM4 error: HTTP 400 for https://api.usaspending.gov/api/v2/search/spending_by_award/ :: {"d
  DE4KQJZM8AX5 error: HTTP 400 for https://api.usaspending.gov/api/v2/search/spending_by_award/ :: {"d
  DE5FULAB9QZ9 error: HTTP 400 for https://api.usaspending.gov/api/v2/search/spending_by_award/ :: {"d
  DE6QSC1M6JL5 error: HTTP 400 for https://api.usaspending.gov/api/v2/search/spending_by_award/ :: {"d
  DE79ZAF3J4L5 error: HTTP 400 for https://api.usaspending.gov/api/v2/search/spending_by_award/ :: {"d
  DE9XVTJDZ8N1 error: HTTP 400 for https://api.usaspending.gov/api/v2/search/spending_by_award/ :: {"d
  DEF8RN9BAUD3 error: HTTP 400 for https://api.usaspending.gov/api/v2/search/spending_by_award/ :: {"d
  DEGFU5KJERA4 error: HTTP 400 for https://api.usaspending.gov/api/v2/search/spending_by_award/ :: {"d
  DEGUKU7AU7P3 error: HTTP 400 for https://api.usaspending.gov/api/v2/search/spending_by_award/ :: {"d
  DEJKHNU5K1E5 error: HTTP 400 for https://api.usaspending.gov/api/v2/search/spending_by_award/ :: {"d
  DEJPWW7JLFQ7 error: HTTP 400 for https://api.usaspending.gov/api/v2/search/spending_by_award/ :: {"d
  DEL5H2YYKMT4 error: HTTP 400 for https://api.usaspending.gov/api/v2/search/spending_by_award/ :: {"d
  DEMTJE1CU5M1 error: HTTP 400 for https://api.usaspending.gov/api/v2/search/spending_by_award/ :: {"d
  DEMXMD9TM993 error: HTTP 400 for https://api.usaspending.gov/api/v2/search/spending_by_award/ :: {"d
  DENEXH4D94H6 error: HTTP 400 for https://api.usaspending.gov/api/v2/search/spending_by_award/ :: {"d
  DENKZH7GEQY4 error: HTTP 400 for https://api.usaspending.gov/api/v2/search/spending_by_award/ :: {"d
  DENMN9SBNJS5 error: HTTP 400 for https://api.usaspending.gov/api/v2/search/spending_by_award/ :: {"d
  DENVXCRBV1F8 error: HTTP 400 for https://api.usaspending.gov/api/v2/search/spending_by_award/ :: {"d
  DES9WE9LLRM7 error: HTTP 400 for https://api.usaspending.gov/api/v2/search/spending_by_award/ :: {"d
  DESJVFJULCX7 error: HTTP 400 for https://api.usaspending.gov/api/v2/search/spending_by_award/ :: {"d
  DETAYVETZGJ9 error: HTTP 400 for https://api.usaspending.gov/api/v2/search/spending_by_award/ :: {"d
  DETDHHNUY2C5 error: HTTP 400 for https://api.usaspending.gov/api/v2/search/spending_by_award/ :: {"d
  DEV9KBTJDKC1 error: HTTP 400 for https://api.usaspending.gov/api/v2/search/spending_by_award/ :: {"d
  DEV9RV2GFPS5 error: HTTP 400 for https://api.usaspending.gov/api/v2/search/spending_by_award/ :: {"d
  DEZPTNHRCDL1 error: HTTP 400 for https://api.usaspending.gov/api/v2/search/spending_by_award/ :: {"d
  DF1ME7WQ4QT9 error: HTTP 400 for https://api.usaspending.gov/api/v2/search/spending_by_award/ :: {"d
  DF1QPMJ2XBQ7 error: HTTP 400 for https://api.usaspending.gov/api/v2/search/spending_by_award/ :: {"d
  DF4HGV5H1LD5 error: HTTP 400 for https://api.usaspending.gov/api/v2/search/spending_by_award/ :: {"d
  DF4MDGFTBJB4 error: HTTP 400 for https://api.usaspending.gov/api/v2/search/spending_by_award/ :: {"d
  DF5LM3ZKTKY8 error: HTTP 400 for https://api.usaspending.gov/api/v2/search/spending_by_award/ :: {"d
  DF8BHEFQ5BT1 error: HTTP 400 for https://api.usaspending.gov/api/v2/search/spending_by_award/ :: {"d
  DFAMMXJFS5E3 error: HTTP 400 for https://api.usaspending.gov/api/v2/search/spending_by_award/ :: {"d
  DFAUNPBYQUS1 error: HTTP 400 for https://api.usaspending.gov/api/v2/search/spending_by_award/ :: {"d
  DFAYT2TQL9G4 error: HTTP 400 for https://api.usaspending.gov/api/v2/search/spending_by_award/ :: {"d
  DFEKLNMEZMK3 error: HTTP 400 for https://api.usaspending.gov/api/v2/search/spending_by_award/ :: {"d
  DFEVBNHH9KP4 error: HTTP 400 for https://api.usaspending.gov/api/v2/search/spending_by_award/ :: {"d
  DFGPY8NFL5H3 error: HTTP 400 for https://api.usaspending.gov/api/v2/search/spending_by_award/ :: {"d
  DFKFQFTGJ548 error: HTTP 400 for https://api.usaspending.gov/api/v2/search/spending_by_award/ :: {"d
  DFKFVLLAF2K4 error: HTTP 400 for https://api.usaspending.gov/api/v2/search/spending_by_award/ :: {"d
  DFKN49V5RDHP error: HTTP 400 for https://api.usaspending.gov/api/v2/search/spending_by_award/ :: {"d
  DFL6SBRHFUH4 error: HTTP 400 for https://api.usaspending.gov/api/v2/search/spending_by_award/ :: {"d
  DFLCMJX35UW8 error: HTTP 400 for https://api.usaspending.gov/api/v2/search/spending_by_award/ :: {"d
  DFLCVDJ91TM7 error: HTTP 400 for https://api.usaspending.gov/api/v2/search/spending_by_award/ :: {"d
  DFNLDECWM8J8 error: HTTP 400 for https://api.usaspending.gov/api/v2/search/spending_by_award/ :: {"d
  DFNMD8KY8GV1 error: HTTP 400 for https://api.usaspending.gov/api/v2/search/spending_by_award/ :: {"d
  DFNRHBLDX111 error: HTTP 400 for https://api.usaspending.gov/api/v2/search/spending_by_award/ :: {"d
  DFPAEHTNJUE8 error: HTTP 400 for https://api.usaspending.gov/api/v2/search/spending_by_award/ :: {"d
  DFPYJKG9K2X4 error: HTTP 400 for https://api.usaspending.gov/api/v2/search/spending_by_award/ :: {"d
  DFQ7LZD51241 error: HTTP 400 for https://api.usaspending.gov/api/v2/search/spending_by_award/ :: {"d
  DFS5WKMDXLN8 error: HTTP 400 for https://api.usaspending.gov/api/v2/search/spending_by_award/ :: {"d
  DFSCLA3FZZP7 error: HTTP 400 for https://api.usaspending.gov/api/v2/search/spending_by_award/ :: {"d
  DFT6GJYLMX11 error: HTTP 400 for https://api.usaspending.gov/api/v2/search/spending_by_award/ :: {"d
  DFTRUAFBNEJ7 error: HTTP 400 for https://api.usaspending.gov/api/v2/search/spending_by_award/ :: {"d
  DFUVLDUUKQ59 error: HTTP 400 for https://api.usaspending.gov/api/v2/search/spending_by_award/ :: {"d
  DFWLC6S4C677 error: HTTP 400 for https://api.usaspending.gov/api/v2/search/spending_by_award/ :: {"d
  DFX5MN4GKVL5 error: HTTP 400 for https://api.usaspending.gov/api/v2/search/spending_by_award/ :: {"d
  DFXNLUKXDLH6 error: HTTP 400 for https://api.usaspending.gov/api/v2/search/spending_by_award/ :: {"d
  DG1FDK7BJ8M1 error: HTTP 400 for https://api.usaspending.gov/api/v2/search/spending_by_award/ :: {"d
  DG3AQ4WL5JW7 error: HTTP 400 for https://api.usaspending.gov/api/v2/search/spending_by_award/ :: {"d
  DG3JAJNA2NU3 error: HTTP 400 for https://api.usaspending.gov/api/v2/search/spending_by_award/ :: {"d
  DG4EJBS533C5 error: HTTP 400 for https://api.usaspending.gov/api/v2/search/spending_by_award/ :: {"d
  DG5FBK41YWQ6 error: HTTP 400 for https://api.usaspending.gov/api/v2/search/spending_by_award/ :: {"d
  DG5LKJSUCC53 error: HTTP 400 for https://api.usaspending.gov/api/v2/search/spending_by_award/ :: {"d
  DG7JD3W4TC73 error: HTTP 400 for https://api.usaspending.gov/api/v2/search/spending_by_award/ :: {"d
  DG86WD9TG3E8 error: HTTP 400 for https://api.usaspending.gov/api/v2/search/spending_by_award/ :: {"d
  DG8PBFNHKA74 error: HTTP 400 for https://api.usaspending.gov/api/v2/search/spending_by_award/ :: {"d
  DG8TANSAENJ1 error: HTTP 400 for https://api.usaspending.gov/api/v2/search/spending_by_award/ :: {"d
  DGC7HAWQGJE6 error: HTTP 400 for https://api.usaspending.gov/api/v2/search/spending_by_award/ :: {"d
  DGC8LUCD5EV6 error: HTTP 400 for https://api.usaspending.gov/api/v2/search/spending_by_award/ :: {"d
  DGC9XQ6J8SS8 error: HTTP 400 for https://api.usaspending.gov/api/v2/search/spending_by_award/ :: {"d
  DGFDGMAFL2S5 error: HTTP 400 for https://api.usaspending.gov/api/v2/search/spending_by_award/ :: {"d
  DGGJGCR66V29 error: HTTP 400 for https://api.usaspending.gov/api/v2/search/spending_by_award/ :: {"d
  DGH2XD3V5CW3 error: HTTP 400 for https://api.usaspending.gov/api/v2/search/spending_by_award/ :: {"d
  DGHAA2K711A7 error: HTTP 400 for https://api.usaspending.gov/api/v2/search/spending_by_award/ :: {"d
  DGHMRH8LKTD5 error: HTTP 400 for https://api.usaspending.gov/api/v2/search/spending_by_award/ :: {"d
  DGHPZSD4NL29 error: HTTP 400 for https://api.usaspending.gov/api/v2/search/spending_by_award/ :: {"d
  DGJ6MKAGQ7R8 error: HTTP 400 for https://api.usaspending.gov/api/v2/search/spending_by_award/ :: {"d
  DGKBZX7EECC8 error: HTTP 400 for https://api.usaspending.gov/api/v2/search/spending_by_award/ :: {"d
  DGL4WP2BA125 error: HTTP 400 for https://api.usaspending.gov/api/v2/search/spending_by_award/ :: {"d
  DGMVDLUM9259 error: HTTP 400 for https://api.usaspending.gov/api/v2/search/spending_by_award/ :: {"d
  DGN3FFPKQW15 error: HTTP 400 for https://api.usaspending.gov/api/v2/search/spending_by_award/ :: {"d
  DGNASAHZAQJ7 error: HTTP 400 for https://api.usaspending.gov/api/v2/search/spending_by_award/ :: {"d
  DGNNL7Q4LLL3 error: HTTP 400 for https://api.usaspending.gov/api/v2/search/spending_by_award/ :: {"d
  DGP5JRDHNEZ8 error: HTTP 400 for https://api.usaspending.gov/api/v2/search/spending_by_award/ :: {"d
  DGPEGUMJYQZ9 error: HTTP 400 for https://api.usaspending.gov/api/v2/search/spending_by_award/ :: {"d
  DGQ5LHELZGY7 error: HTTP 400 for https://api.usaspending.gov/api/v2/search/spending_by_award/ :: {"d
  DGQDZGHC44C6 error: HTTP 400 for https://api.usaspending.gov/api/v2/search/spending_by_award/ :: {"d
  DGTNDNHRY3B3 error: HTTP 400 for https://api.usaspending.gov/api/v2/search/spending_by_award/ :: {"d
  DGTZHYKZ79K5 error: HTTP 400 for https://api.usaspending.gov/api/v2/search/spending_by_award/ :: {"d
  DGV6NX215676 error: HTTP 400 for https://api.usaspending.gov/api/v2/search/spending_by_award/ :: {"d
  DGXAZ2M51UL3 error: HTTP 400 for https://api.usaspending.gov/api/v2/search/spending_by_award/ :: {"d
  DH4AHQ56KSW3 error: HTTP 400 for https://api.usaspending.gov/api/v2/search/spending_by_award/ :: {"d
  DH4BRRMMVZF1 error: HTTP 400 for https://api.usaspending.gov/api/v2/search/spending_by_award/ :: {"d
  DH4VEGZPR791 error: HTTP 400 for https://api.usaspending.gov/api/v2/search/spending_by_award/ :: {"d
  DH58BJT4JFZ5 error: HTTP 400 for https://api.usaspending.gov/api/v2/search/spending_by_award/ :: {"d
  DH9GSW27DU51 error: HTTP 400 for https://api.usaspending.gov/api/v2/search/spending_by_award/ :: {"d
  DHD2DPX5CUQ3 error: HTTP 400 for https://api.usaspending.gov/api/v2/search/spending_by_award/ :: {"d
  DHEAJB4M1F37 error: HTTP 400 for https://api.usaspending.gov/api/v2/search/spending_by_award/ :: {"d
  DHFEDZEMX3Z1 error: HTTP 400 for https://api.usaspending.gov/api/v2/search/spending_by_award/ :: {"d
  DHGVPN2ND4T7 error: HTTP 400 for https://api.usaspending.gov/api/v2/search/spending_by_award/ :: {"d
  DHK7SF3MLT23 error: HTTP 400 for https://api.usaspending.gov/api/v2/search/spending_by_award/ :: {"d
  DHK9LLH4RPA7 error: HTTP 400 for https://api.usaspending.gov/api/v2/search/spending_by_award/ :: {"d
  DHKWSXL7NLL1 error: HTTP 400 for https://api.usaspending.gov/api/v2/search/spending_by_award/ :: {"d
  DHLXHSL3WZ85 error: HTTP 400 for https://api.usaspending.gov/api/v2/search/spending_by_award/ :: {"d
  DHLXNEJ1R8F5 error: HTTP 400 for https://api.usaspending.gov/api/v2/search/spending_by_award/ :: {"d
  DHLYUD7QBU27 error: HTTP 400 for https://api.usaspending.gov/api/v2/search/spending_by_award/ :: {"d
  DHMDHLCSJWY5 error: HTTP 400 for https://api.usaspending.gov/api/v2/search/spending_by_award/ :: {"d
  DHPWQ2GGNJT6 error: HTTP 400 for https://api.usaspending.gov/api/v2/search/spending_by_award/ :: {"d
  DHT6LG6HVKN9 error: HTTP 400 for https://api.usaspending.gov/api/v2/search/spending_by_award/ :: {"d
  DHXGDM26KXA3 error: HTTP 400 for https://api.usaspending.gov/api/v2/search/spending_by_award/ :: {"d
  DHYXMZGHF3M6 error: HTTP 400 for https://api.usaspending.gov/api/v2/search/spending_by_award/ :: {"d
  DHZ6P3L9EMJ7 error: HTTP 400 for https://api.usaspending.gov/api/v2/search/spending_by_award/ :: {"d
  DJ1FMTLJL4V6 error: HTTP 400 for https://api.usaspending.gov/api/v2/search/spending_by_award/ :: {"d
  DJ25GNMDLJL7 error: HTTP 400 for https://api.usaspending.gov/api/v2/search/spending_by_award/ :: {"d
  DJ39KKZJSBJ4 error: HTTP 400 for https://api.usaspending.gov/api/v2/search/spending_by_award/ :: {"d
  DJ3SLC8ANVY5 error: HTTP 400 for https://api.usaspending.gov/api/v2/search/spending_by_award/ :: {"d
  DJ55ARUCADG7 error: HTTP 400 for https://api.usaspending.gov/api/v2/search/spending_by_award/ :: {"d
  DJ5CZ47C7RB9 error: HTTP 400 for https://api.usaspending.gov/api/v2/search/spending_by_award/ :: {"d
  DJ6QAABZ2WK3 error: HTTP 400 for https://api.usaspending.gov/api/v2/search/spending_by_award/ :: {"d
  DJ6SE47SNJK1 error: HTTP 400 for https://api.usaspending.gov/api/v2/search/spending_by_award/ :: {"d
  DJ7PHAF73G59 error: HTTP 400 for https://api.usaspending.gov/api/v2/search/spending_by_award/ :: {"d
  DJ82XLSGA958 error: HTTP 400 for https://api.usaspending.gov/api/v2/search/spending_by_award/ :: {"d
  DJ8ELL8M3LN8 error: HTTP 400 for https://api.usaspending.gov/api/v2/search/spending_by_award/ :: {"d
  DJ8NLAWM7NH1 error: HTTP 400 for https://api.usaspending.gov/api/v2/search/spending_by_award/ :: {"d
  DJ9RUKPX2WT9 error: HTTP 400 for https://api.usaspending.gov/api/v2/search/spending_by_award/ :: {"d
  DJAVCNTWKRB5 error: HTTP 400 for https://api.usaspending.gov/api/v2/search/spending_by_award/ :: {"d
  DJB8SJNJPG36 error: HTTP 400 for https://api.usaspending.gov/api/v2/search/spending_by_award/ :: {"d
  DJBCLWJHM7B9 error: HTTP 400 for https://api.usaspending.gov/api/v2/search/spending_by_award/ :: {"d
  DJBRXA7BNEP8 error: HTTP 400 for https://api.usaspending.gov/api/v2/search/spending_by_award/ :: {"d
  DJBTAMWYRW78 error: HTTP 400 for https://api.usaspending.gov/api/v2/search/spending_by_award/ :: {"d
  DJCLRS8GH5F8 error: HTTP 400 for https://api.usaspending.gov/api/v2/search/spending_by_award/ :: {"d
  DJCRSWPWFQA1 error: HTTP 400 for https://api.usaspending.gov/api/v2/search/spending_by_award/ :: {"d
  DJCSMP6NLJM8 error: HTTP 400 for https://api.usaspending.gov/api/v2/search/spending_by_award/ :: {"d
  DJDTPRELKVF5 error: HTTP 400 for https://api.usaspending.gov/api/v2/search/spending_by_award/ :: {"d
  DJENBJP2JRC8 error: HTTP 400 for https://api.usaspending.gov/api/v2/search/spending_by_award/ :: {"d
  DJEVE39BYP16 error: HTTP 400 for https://api.usaspending.gov/api/v2/search/spending_by_award/ :: {"d
  DJFBNCL1VYE3 error: HTTP 400 for https://api.usaspending.gov/api/v2/search/spending_by_award/ :: {"d
  DJFXKMEJWKK9 error: HTTP 400 for https://api.usaspending.gov/api/v2/search/spending_by_award/ :: {"d
  DJG1H1A5MBU6 error: HTTP 400 for https://api.usaspending.gov/api/v2/search/spending_by_award/ :: {"d
  DJG4MKNXW5W9 error: HTTP 400 for https://api.usaspending.gov/api/v2/search/spending_by_award/ :: {"d
  DJG5LKR5J474 error: HTTP 400 for https://api.usaspending.gov/api/v2/search/spending_by_award/ :: {"d
  DJHBU1F8KMG5 error: HTTP 400 for https://api.usaspending.gov/api/v2/search/spending_by_award/ :: {"d
  DJHEJ4JZ8354 error: HTTP 400 for https://api.usaspending.gov/api/v2/search/spending_by_award/ :: {"d
  DJHEY2MKU8V3 error: HTTP 400 for https://api.usaspending.gov/api/v2/search/spending_by_award/ :: {"d
  DJJBCLJKLD48 error: HTTP 400 for https://api.usaspending.gov/api/v2/search/spending_by_award/ :: {"d
  DJK1QJ7ZJCM7 error: HTTP 400 for https://api.usaspending.gov/api/v2/search/spending_by_award/ :: {"d
  DJLJJMQS9UA7 error: HTTP 400 for https://api.usaspending.gov/api/v2/search/spending_by_award/ :: {"d
  DJLQRJ59C354 error: HTTP 400 for https://api.usaspending.gov/api/v2/search/spending_by_award/ :: {"d
  DJLVJLM3YKD6 error: HTTP 400 for https://api.usaspending.gov/api/v2/search/spending_by_award/ :: {"d
  DJMBM3YN5R55 error: HTTP 400 for https://api.usaspending.gov/api/v2/search/spending_by_award/ :: {"d
  DJMKV75MK9M5 error: HTTP 400 for https://api.usaspending.gov/api/v2/search/spending_by_award/ :: {"d
  DJMWGLQQ5B58 error: HTTP 400 for https://api.usaspending.gov/api/v2/search/spending_by_award/ :: {"d
  DJNALEYH7TJ8 error: HTTP 400 for https://api.usaspending.gov/api/v2/search/spending_by_award/ :: {"d
  DJNTE364LJJ7 error: HTTP 400 for https://api.usaspending.gov/api/v2/search/spending_by_award/ :: {"d
  DJQ7ZC7AME45 error: HTTP 400 for https://api.usaspending.gov/api/v2/search/spending_by_award/ :: {"d
  DJQTCZVVUQW9 error: HTTP 400 for https://api.usaspending.gov/api/v2/search/spending_by_award/ :: {"d
  DJR5XRD843Y9 error: HTTP 400 for https://api.usaspending.gov/api/v2/search/spending_by_award/ :: {"d
  DJRQAB6SG689 error: HTTP 400 for https://api.usaspending.gov/api/v2/search/spending_by_award/ :: {"d
  DJRVVKHFT925 error: HTTP 400 for https://api.usaspending.gov/api/v2/search/spending_by_award/ :: {"d
  DJTGSJKH6T35 error: HTTP 400 for https://api.usaspending.gov/api/v2/search/spending_by_award/ :: {"d
  DJUNARMF8FV5 error: HTTP 400 for https://api.usaspending.gov/api/v2/search/spending_by_award/ :: {"d
  DJUXR18MN678 error: HTTP 400 for https://api.usaspending.gov/api/v2/search/spending_by_award/ :: {"d
  DJW8S7A971Z8 error: HTTP 400 for https://api.usaspending.gov/api/v2/search/spending_by_award/ :: {"d
  DJXMVJM16KJ3 error: HTTP 400 for https://api.usaspending.gov/api/v2/search/spending_by_award/ :: {"d
  DJYSH2AJVUX5 error: HTTP 400 for https://api.usaspending.gov/api/v2/search/spending_by_award/ :: {"d
  DK14XRAKRKK1 error: HTTP 400 for https://api.usaspending.gov/api/v2/search/spending_by_award/ :: {"d
  DK1CP1B4J1C1 error: HTTP 400 for https://api.usaspending.gov/api/v2/search/spending_by_award/ :: {"d
  DK1SMCRF8VT5 error: HTTP 400 for https://api.usaspending.gov/api/v2/search/spending_by_award/ :: {"d
  DK37L6E75E73 error: HTTP 400 for https://api.usaspending.gov/api/v2/search/spending_by_award/ :: {"d
  DK5MMAQ7DMM6 error: HTTP 400 for https://api.usaspending.gov/api/v2/search/spending_by_award/ :: {"d
  1600/17687 UEIs, 80555 awards (0.0 UEI/s)
  DK6MMSFR5UK5 error: HTTP 400 for https://api.usaspending.gov/api/v2/search/spending_by_award/ :: {"d
  DK7DFJR4YQ73 error: HTTP 400 for https://api.usaspending.gov/api/v2/search/spending_by_award/ :: {"d
  DK86VWKUEEN9 error: HTTP 400 for https://api.usaspending.gov/api/v2/search/spending_by_award/ :: {"d
  DK8JW5W9QPF7 error: HTTP 400 for https://api.usaspending.gov/api/v2/search/spending_by_award/ :: {"d
  DK98FU7X4MX9 error: HTTP 400 for https://api.usaspending.gov/api/v2/search/spending_by_award/ :: {"d
  DK9KYEZRTPQ5 error: HTTP 400 for https://api.usaspending.gov/api/v2/search/spending_by_award/ :: {"d
  DK9MKVC96A47 error: HTTP 400 for https://api.usaspending.gov/api/v2/search/spending_by_award/ :: {"d
  DKAKMZ9HV766 error: HTTP 400 for https://api.usaspending.gov/api/v2/search/spending_by_award/ :: {"d
  DKALSBYGYDU4 error: HTTP 400 for https://api.usaspending.gov/api/v2/search/spending_by_award/ :: {"d
  DKBAJQ45GQS8 error: HTTP 400 for https://api.usaspending.gov/api/v2/search/spending_by_award/ :: {"d
  DKBHB7KXH7D5 error: HTTP 400 for https://api.usaspending.gov/api/v2/search/spending_by_award/ :: {"d
  DKBQMZ1KJ5P3 error: HTTP 400 for https://api.usaspending.gov/api/v2/search/spending_by_award/ :: {"d
  DKDGCG5YTJN5 error: HTTP 400 for https://api.usaspending.gov/api/v2/search/spending_by_award/ :: {"d
  DKDHA3G4YCQ6 error: HTTP 400 for https://api.usaspending.gov/api/v2/search/spending_by_award/ :: {"d
  DKDZCDLWEMP3 error: HTTP 400 for https://api.usaspending.gov/api/v2/search/spending_by_award/ :: {"d
  DKF6NHE959A7 error: HTTP 400 for https://api.usaspending.gov/api/v2/search/spending_by_award/ :: {"d
  DKFLRWSLBEF6 error: HTTP 400 for https://api.usaspending.gov/api/v2/search/spending_by_award/ :: {"d
  DKFQQLER8MA6 error: HTTP 400 for https://api.usaspending.gov/api/v2/search/spending_by_award/ :: {"d
  DKFRYH8GL2L1 error: HTTP 400 for https://api.usaspending.gov/api/v2/search/spending_by_award/ :: {"d
  DKFZBVNF43M3 error: HTTP 400 for https://api.usaspending.gov/api/v2/search/spending_by_award/ :: {"d
  DKHKJJYFTPR1 error: HTTP 400 for https://api.usaspending.gov/api/v2/search/spending_by_award/ :: {"d
  DKJFK45MCQM3 error: HTTP 400 for https://api.usaspending.gov/api/v2/search/spending_by_award/ :: {"d
  DKKLKT1RJG26 error: HTTP 400 for https://api.usaspending.gov/api/v2/search/spending_by_award/ :: {"d
  DKKVE83TPD16 error: HTTP 400 for https://api.usaspending.gov/api/v2/search/spending_by_award/ :: {"d
  DKL6DXDDQSL5 error: HTTP 400 for https://api.usaspending.gov/api/v2/search/spending_by_award/ :: {"d
  DKLCVJ6QPLH6 error: HTTP 400 for https://api.usaspending.gov/api/v2/search/spending_by_award/ :: {"d
  DKLXHQNHDBH4 error: HTTP 400 for https://api.usaspending.gov/api/v2/search/spending_by_award/ :: {"d
  DKMDCB5HNBL7 error: HTTP 400 for https://api.usaspending.gov/api/v2/search/spending_by_award/ :: {"d
  DKNJDGZDMMN3 error: HTTP 400 for https://api.usaspending.gov/api/v2/search/spending_by_award/ :: {"d
  DKNZWLWCFLN6 error: HTTP 400 for https://api.usaspending.gov/api/v2/search/spending_by_award/ :: {"d
  DKSLMB5RZUS8 error: HTTP 400 for https://api.usaspending.gov/api/v2/search/spending_by_award/ :: {"d
  DKSNKKFE7QF5 error: HTTP 400 for https://api.usaspending.gov/api/v2/search/spending_by_award/ :: {"d
  DKTCUL4DN723 error: HTTP 400 for https://api.usaspending.gov/api/v2/search/spending_by_award/ :: {"d
  DKTHSKP8BUF3 error: HTTP 400 for https://api.usaspending.gov/api/v2/search/spending_by_award/ :: {"d
  DKW4RKDM9HW3 error: HTTP 400 for https://api.usaspending.gov/api/v2/search/spending_by_award/ :: {"d
  DKWCDC2AK2G2 error: HTTP 400 for https://api.usaspending.gov/api/v2/search/spending_by_award/ :: {"d
  DKWQJ4D7GFX9 error: HTTP 400 for https://api.usaspending.gov/api/v2/search/spending_by_award/ :: {"d
  DKWTHB23MJF7 error: HTTP 400 for https://api.usaspending.gov/api/v2/search/spending_by_award/ :: {"d
  DKY5XQG5CZL1 error: HTTP 400 for https://api.usaspending.gov/api/v2/search/spending_by_award/ :: {"d
  DKY9VP3VSV65 error: HTTP 400 for https://api.usaspending.gov/api/v2/search/spending_by_award/ :: {"d
  DKZSCC5Y61D3 error: HTTP 400 for https://api.usaspending.gov/api/v2/search/spending_by_award/ :: {"d
  DL17XCQCG955 error: HTTP 400 for https://api.usaspending.gov/api/v2/search/spending_by_award/ :: {"d
  DL18QGJC5169 error: HTTP 400 for https://api.usaspending.gov/api/v2/search/spending_by_award/ :: {"d
  DL19YJJ2KR79 error: HTTP 400 for https://api.usaspending.gov/api/v2/search/spending_by_award/ :: {"d
  DL21YURVM3G7 error: HTTP 400 for https://api.usaspending.gov/api/v2/search/spending_by_award/ :: {"d
  DL2MCQ3AJU28 error: HTTP 400 for https://api.usaspending.gov/api/v2/search/spending_by_award/ :: {"d
  DL3LJPJSK533 error: HTTP 400 for https://api.usaspending.gov/api/v2/search/spending_by_award/ :: {"d
  DL47BBKNMTT9 error: HTTP 400 for https://api.usaspending.gov/api/v2/search/spending_by_award/ :: {"d
  DL48U84HGCF5 error: HTTP 400 for https://api.usaspending.gov/api/v2/search/spending_by_award/ :: {"d
  DL63S7FH2Y26 error: HTTP 400 for https://api.usaspending.gov/api/v2/search/spending_by_award/ :: {"d
  DL84BCKRKZC7 error: HTTP 400 for https://api.usaspending.gov/api/v2/search/spending_by_award/ :: {"d
  DLBFL8DKL6Z3 error: HTTP 400 for https://api.usaspending.gov/api/v2/search/spending_by_award/ :: {"d
  DLBUBKZC6459 error: HTTP 400 for https://api.usaspending.gov/api/v2/search/spending_by_award/ :: {"d
  DLDCQZ1RAHJ4 error: HTTP 400 for https://api.usaspending.gov/api/v2/search/spending_by_award/ :: {"d
  DLDZHH42E8E3 error: HTTP 400 for https://api.usaspending.gov/api/v2/search/spending_by_award/ :: {"d
  DLEZJ3H4RXF6 error: HTTP 400 for https://api.usaspending.gov/api/v2/search/spending_by_award/ :: {"d
  DLF6PVP8JR76 error: HTTP 400 for https://api.usaspending.gov/api/v2/search/spending_by_award/ :: {"d
  DLFAJHQULM31 error: HTTP 400 for https://api.usaspending.gov/api/v2/search/spending_by_award/ :: {"d
  DLG2FZKLJFX4 error: HTTP 400 for https://api.usaspending.gov/api/v2/search/spending_by_award/ :: {"d
  DLGSLFQ7KZZ6 error: HTTP 400 for https://api.usaspending.gov/api/v2/search/spending_by_award/ :: {"d
  DLGTLB43MCH8 error: HTTP 400 for https://api.usaspending.gov/api/v2/search/spending_by_award/ :: {"d
  DLJLFMBQJ833 error: HTTP 400 for https://api.usaspending.gov/api/v2/search/spending_by_award/ :: {"d
  DLJWLMSNK627 error: HTTP 400 for https://api.usaspending.gov/api/v2/search/spending_by_award/ :: {"d
  DLKFLZN7HZD7 error: HTTP 400 for https://api.usaspending.gov/api/v2/search/spending_by_award/ :: {"d
  DLL2E1TCH4X9 error: HTTP 400 for https://api.usaspending.gov/api/v2/search/spending_by_award/ :: {"d
  DLM6PBQXCSB1 error: HTTP 400 for https://api.usaspending.gov/api/v2/search/spending_by_award/ :: {"d
  DLMYJ9MBXC71 error: HTTP 400 for https://api.usaspending.gov/api/v2/search/spending_by_award/ :: {"d
  DLNLP19SN481 error: HTTP 400 for https://api.usaspending.gov/api/v2/search/spending_by_award/ :: {"d
  DLP5XLQ9LNT3 error: HTTP 400 for https://api.usaspending.gov/api/v2/search/spending_by_award/ :: {"d
  DLPKTJJD54X6 error: HTTP 400 for https://api.usaspending.gov/api/v2/search/spending_by_award/ :: {"d
  DLQ6M1K2KNP9 error: HTTP 400 for https://api.usaspending.gov/api/v2/search/spending_by_award/ :: {"d
  DLR4TPJF4LQ6 error: HTTP 400 for https://api.usaspending.gov/api/v2/search/spending_by_award/ :: {"d
  DLRNHQQ9KQG1 error: HTTP 400 for https://api.usaspending.gov/api/v2/search/spending_by_award/ :: {"d
  DLSUVRQ2U4G3 error: HTTP 400 for https://api.usaspending.gov/api/v2/search/spending_by_award/ :: {"d
  DLTKXAEVJS21 error: HTTP 400 for https://api.usaspending.gov/api/v2/search/spending_by_award/ :: {"d
  DLVKVBMZME64 error: HTTP 400 for https://api.usaspending.gov/api/v2/search/spending_by_award/ :: {"d
  DLWLAM8TNFT7 error: HTTP 400 for https://api.usaspending.gov/api/v2/search/spending_by_award/ :: {"d
  DLXPQ1SGRBU4 error: HTTP 400 for https://api.usaspending.gov/api/v2/search/spending_by_award/ :: {"d
  DLYYYPMNKVN7 error: HTTP 400 for https://api.usaspending.gov/api/v2/search/spending_by_award/ :: {"d
  DM18BYLUVV94 error: HTTP 400 for https://api.usaspending.gov/api/v2/search/spending_by_award/ :: {"d
  DM2UJKJMJ1M3 error: HTTP 400 for https://api.usaspending.gov/api/v2/search/spending_by_award/ :: {"d
  DM3HGEFM7Y21 error: HTTP 400 for https://api.usaspending.gov/api/v2/search/spending_by_award/ :: {"d
  DM57FRDB5CN9 error: HTTP 400 for https://api.usaspending.gov/api/v2/search/spending_by_award/ :: {"d
  DM6CBMFFK2Y9 error: HTTP 400 for https://api.usaspending.gov/api/v2/search/spending_by_award/ :: {"d
  DM7JV6MBJNJ7 error: HTTP 400 for https://api.usaspending.gov/api/v2/search/spending_by_award/ :: {"d
  DM7UUKSVYMR3 error: HTTP 400 for https://api.usaspending.gov/api/v2/search/spending_by_award/ :: {"d
  DM9KDUSSSNA3 error: HTTP 400 for https://api.usaspending.gov/api/v2/search/spending_by_award/ :: {"d
  DM9RFJEECP18 error: HTTP 400 for https://api.usaspending.gov/api/v2/search/spending_by_award/ :: {"d
  DMA2QKCCV7M1 error: HTTP 400 for https://api.usaspending.gov/api/v2/search/spending_by_award/ :: {"d
  DMBPZK2NDJK5 error: HTTP 400 for https://api.usaspending.gov/api/v2/search/spending_by_award/ :: {"d
  DMBQTXZLKVD3 error: HTTP 400 for https://api.usaspending.gov/api/v2/search/spending_by_award/ :: {"d
  DMCCKLGNM1Z6 error: HTTP 400 for https://api.usaspending.gov/api/v2/search/spending_by_award/ :: {"d
  DMD1RKCJSKR8 error: HTTP 400 for https://api.usaspending.gov/api/v2/search/spending_by_award/ :: {"d
  DMD8GBC2NSG1 error: HTTP 400 for https://api.usaspending.gov/api/v2/search/spending_by_award/ :: {"d
  DMFDPQWQRYK5 error: HTTP 400 for https://api.usaspending.gov/api/v2/search/spending_by_award/ :: {"d
  DMFLAGJMD5A1 error: HTTP 400 for https://api.usaspending.gov/api/v2/search/spending_by_award/ :: {"d
  DMHNANKDJPB7 error: HTTP 400 for https://api.usaspending.gov/api/v2/search/spending_by_award/ :: {"d
  DMJJXDTS57C7 error: HTTP 400 for https://api.usaspending.gov/api/v2/search/spending_by_award/ :: {"d
  DMJQEF9VK8E7 error: HTTP 400 for https://api.usaspending.gov/api/v2/search/spending_by_award/ :: {"d
  DMK4KF19LYW5 error: HTTP 400 for https://api.usaspending.gov/api/v2/search/spending_by_award/ :: {"d
  DMKAYNJF1FV4 error: HTTP 400 for https://api.usaspending.gov/api/v2/search/spending_by_award/ :: {"d
  DMKFJA9LJ9J5 error: HTTP 400 for https://api.usaspending.gov/api/v2/search/spending_by_award/ :: {"d
  DMKPFQYJKBQ3 error: HTTP 400 for https://api.usaspending.gov/api/v2/search/spending_by_award/ :: {"d
  DMLEGATPR4S5 error: HTTP 400 for https://api.usaspending.gov/api/v2/search/spending_by_award/ :: {"d
  DMMMXML7QFF3 error: HTTP 400 for https://api.usaspending.gov/api/v2/search/spending_by_award/ :: {"d
  DMMVSCAPSEA6 error: HTTP 400 for https://api.usaspending.gov/api/v2/search/spending_by_award/ :: {"d
  DMNLPX29KM58 error: HTTP 400 for https://api.usaspending.gov/api/v2/search/spending_by_award/ :: {"d
  DMNPCF22J426 error: HTTP 400 for https://api.usaspending.gov/api/v2/search/spending_by_award/ :: {"d
  DMNUSE1NLTU6 error: HTTP 400 for https://api.usaspending.gov/api/v2/search/spending_by_award/ :: {"d
  DMPAMCJ67633 error: HTTP 400 for https://api.usaspending.gov/api/v2/search/spending_by_award/ :: {"d
  DMPFS2YGBWD4 error: HTTP 400 for https://api.usaspending.gov/api/v2/search/spending_by_award/ :: {"d
  DMPXLVMB2YV1 error: HTTP 400 for https://api.usaspending.gov/api/v2/search/spending_by_award/ :: {"d
  DMQNDJDHTDG4 error: HTTP 400 for https://api.usaspending.gov/api/v2/search/spending_by_award/ :: {"d
  DMQUMQ9H6NW7 error: HTTP 400 for https://api.usaspending.gov/api/v2/search/spending_by_award/ :: {"d
  DMT2MK5GB6Z7 error: HTTP 400 for https://api.usaspending.gov/api/v2/search/spending_by_award/ :: {"d
  DMTBCJFPNJK3 error: HTTP 400 for https://api.usaspending.gov/api/v2/search/spending_by_award/ :: {"d
  DMU3TRMLQ6J3 error: HTTP 400 for https://api.usaspending.gov/api/v2/search/spending_by_award/ :: {"d
  DMUPNYXA2MC3 error: HTTP 400 for https://api.usaspending.gov/api/v2/search/spending_by_award/ :: {"d
  DMWRRCJU49C6 error: HTTP 400 for https://api.usaspending.gov/api/v2/search/spending_by_award/ :: {"d
  DMXNR6C65Z86 error: HTTP 400 for https://api.usaspending.gov/api/v2/search/spending_by_award/ :: {"d
  DN12UG9RHAL8 error: HTTP 400 for https://api.usaspending.gov/api/v2/search/spending_by_award/ :: {"d
  DN1QK2LNNJM4 error: HTTP 400 for https://api.usaspending.gov/api/v2/search/spending_by_award/ :: {"d
  DN2JHKMED4W4 error: HTTP 400 for https://api.usaspending.gov/api/v2/search/spending_by_award/ :: {"d
  DN2PQ51JLX25 error: HTTP 400 for https://api.usaspending.gov/api/v2/search/spending_by_award/ :: {"d
  DN3KFEUVFR45 error: HTTP 400 for https://api.usaspending.gov/api/v2/search/spending_by_award/ :: {"d
  DN43DNKLUFQ7 error: HTTP 400 for https://api.usaspending.gov/api/v2/search/spending_by_award/ :: {"d
  DN7SNH4F74U7 error: HTTP 400 for https://api.usaspending.gov/api/v2/search/spending_by_award/ :: {"d
  DN83X4AD9FP4 error: HTTP 400 for https://api.usaspending.gov/api/v2/search/spending_by_award/ :: {"d
  DN8YL963MRP5 error: HTTP 400 for https://api.usaspending.gov/api/v2/search/spending_by_award/ :: {"d
  DN94XNVXCDX1 error: HTTP 400 for https://api.usaspending.gov/api/v2/search/spending_by_award/ :: {"d
  DNAWL2H4FPE6 error: HTTP 400 for https://api.usaspending.gov/api/v2/search/spending_by_award/ :: {"d
  DNAZKBFTCQJ3 error: HTTP 400 for https://api.usaspending.gov/api/v2/search/spending_by_award/ :: {"d
  DNBFWHYJDPU6 error: HTTP 400 for https://api.usaspending.gov/api/v2/search/spending_by_award/ :: {"d
  DNBXNFGWHRK5 error: HTTP 400 for https://api.usaspending.gov/api/v2/search/spending_by_award/ :: {"d
  DNC1J6F12NE5 error: HTTP 400 for https://api.usaspending.gov/api/v2/search/spending_by_award/ :: {"d
  DNE1MJNLM357 error: HTTP 400 for https://api.usaspending.gov/api/v2/search/spending_by_award/ :: {"d
  DNE4CNM5GK36 error: HTTP 400 for https://api.usaspending.gov/api/v2/search/spending_by_award/ :: {"d
  DNE9Q5EKFKU5 error: HTTP 400 for https://api.usaspending.gov/api/v2/search/spending_by_award/ :: {"d
  DNFQP5RM2B37 error: HTTP 400 for https://api.usaspending.gov/api/v2/search/spending_by_award/ :: {"d
  DNH6G9AAFLD6 error: HTTP 400 for https://api.usaspending.gov/api/v2/search/spending_by_award/ :: {"d
  DNJSNSK3G7Z1 error: HTTP 400 for https://api.usaspending.gov/api/v2/search/spending_by_award/ :: {"d
  DNK7P49BNMD1 error: HTTP 400 for https://api.usaspending.gov/api/v2/search/spending_by_award/ :: {"d
  DNKLBDQLMUB5 error: HTTP 400 for https://api.usaspending.gov/api/v2/search/spending_by_award/ :: {"d
  DNKVAHNYNHE5 error: HTTP 400 for https://api.usaspending.gov/api/v2/search/spending_by_award/ :: {"d
  DNM6FXQHHLF5 error: HTTP 400 for https://api.usaspending.gov/api/v2/search/spending_by_award/ :: {"d
  DNN1KDZ6FBL4 error: HTTP 400 for https://api.usaspending.gov/api/v2/search/spending_by_award/ :: {"d
  DNP8UWL2XVS7 error: HTTP 400 for https://api.usaspending.gov/api/v2/search/spending_by_award/ :: {"d
  DNPKEA722MR4 error: HTTP 400 for https://api.usaspending.gov/api/v2/search/spending_by_award/ :: {"d
  DNPSXDJEH354 error: HTTP 400 for https://api.usaspending.gov/api/v2/search/spending_by_award/ :: {"d
  DNUHCR72JND3 error: HTTP 400 for https://api.usaspending.gov/api/v2/search/spending_by_award/ :: {"d
  DNUNZEXNP347 error: HTTP 400 for https://api.usaspending.gov/api/v2/search/spending_by_award/ :: {"d
  DNWQY77L7BN5 error: HTTP 400 for https://api.usaspending.gov/api/v2/search/spending_by_award/ :: {"d
  DNY4UVM3NZE5 error: HTTP 400 for https://api.usaspending.gov/api/v2/search/spending_by_award/ :: {"d
  DNYLKJ363MN6 error: HTTP 400 for https://api.usaspending.gov/api/v2/search/spending_by_award/ :: {"d
  DP2LG9MME4M8 error: HTTP 400 for https://api.usaspending.gov/api/v2/search/spending_by_award/ :: {"d
  DP56XRN2KGY4 error: HTTP 400 for https://api.usaspending.gov/api/v2/search/spending_by_award/ :: {"d
  DP9HQXGMKHU3 error: HTTP 400 for https://api.usaspending.gov/api/v2/search/spending_by_award/ :: {"d
  DPBXHVVUBD13 error: HTTP 400 for https://api.usaspending.gov/api/v2/search/spending_by_award/ :: {"d
  DPD7S7LGFB53 error: HTTP 400 for https://api.usaspending.gov/api/v2/search/spending_by_award/ :: {"d
  DPDMG2M2LVK1 error: HTTP 400 for https://api.usaspending.gov/api/v2/search/spending_by_award/ :: {"d
  DPFAMDJUSMK6 error: HTTP 400 for https://api.usaspending.gov/api/v2/search/spending_by_award/ :: {"d
  DPGFQYXE4JV8 error: HTTP 400 for https://api.usaspending.gov/api/v2/search/spending_by_award/ :: {"d
  DPH1UQYC5L28 error: HTTP 400 for https://api.usaspending.gov/api/v2/search/spending_by_award/ :: {"d
  DPMGH9MG1X67 error: HTTP 400 for https://api.usaspending.gov/api/v2/search/spending_by_award/ :: {"d
  DPN5JAJYTTS9 error: HTTP 400 for https://api.usaspending.gov/api/v2/search/spending_by_award/ :: {"d
  DPS5MMGN6GZ1 error: HTTP 400 for https://api.usaspending.gov/api/v2/search/spending_by_award/ :: {"d
  DPVENJ1U3T56 error: HTTP 400 for https://api.usaspending.gov/api/v2/search/spending_by_award/ :: {"d
  DPXGJETMGVN7 error: HTTP 400 for https://api.usaspending.gov/api/v2/search/spending_by_award/ :: {"d
  DPZ2L4FJ3ME3 error: HTTP 400 for https://api.usaspending.gov/api/v2/search/spending_by_award/ :: {"d
  DQ3EBV3PP7Q9 error: HTTP 400 for https://api.usaspending.gov/api/v2/search/spending_by_award/ :: {"d
  DQ3KH1US4SM6 error: HTTP 400 for https://api.usaspending.gov/api/v2/search/spending_by_award/ :: {"d
  DQ3NSNPCBMB5 error: HTTP 400 for https://api.usaspending.gov/api/v2/search/spending_by_award/ :: {"d
  DQ4CLU1A74G9 error: HTTP 400 for https://api.usaspending.gov/api/v2/search/spending_by_award/ :: {"d
  DQ4HU4UYSA48 error: HTTP 400 for https://api.usaspending.gov/api/v2/search/spending_by_award/ :: {"d
  DQ5UMG72D8C5 error: HTTP 400 for https://api.usaspending.gov/api/v2/search/spending_by_award/ :: {"d
  DQ7WKS536B93 error: HTTP 400 for https://api.usaspending.gov/api/v2/search/spending_by_award/ :: {"d
  DQ8MDZ5TPBZ1 error: HTTP 400 for https://api.usaspending.gov/api/v2/search/spending_by_award/ :: {"d
  DQ94ZZHY94X5 error: HTTP 400 for https://api.usaspending.gov/api/v2/search/spending_by_award/ :: {"d
  DQB8AJTKL695 error: HTTP 400 for https://api.usaspending.gov/api/v2/search/spending_by_award/ :: {"d
  DQE5RUQ7LGZ3 error: HTTP 400 for https://api.usaspending.gov/api/v2/search/spending_by_award/ :: {"d
  DQEHN56HRYX5 error: HTTP 400 for https://api.usaspending.gov/api/v2/search/spending_by_award/ :: {"d
  DQHZEVAV95G5 error: HTTP 400 for https://api.usaspending.gov/api/v2/search/spending_by_award/ :: {"d
  DQJZYMYN2GV7 error: HTTP 400 for https://api.usaspending.gov/api/v2/search/spending_by_award/ :: {"d
  DQKJJCLMLCQ5 error: HTTP 400 for https://api.usaspending.gov/api/v2/search/spending_by_award/ :: {"d
  DQLDQDFTJMY5 error: HTTP 400 for https://api.usaspending.gov/api/v2/search/spending_by_award/ :: {"d
  DQMLYKYJMDN5 error: HTTP 400 for https://api.usaspending.gov/api/v2/search/spending_by_award/ :: {"d
  DQMXLJAJRMB9 error: HTTP 400 for https://api.usaspending.gov/api/v2/search/spending_by_award/ :: {"d
  DQNHYNN6JT59 error: HTTP 400 for https://api.usaspending.gov/api/v2/search/spending_by_award/ :: {"d
  DQPCC14HDEC6 error: HTTP 400 for https://api.usaspending.gov/api/v2/search/spending_by_award/ :: {"d
  DQXLTPRS1GG8 error: HTTP 400 for https://api.usaspending.gov/api/v2/search/spending_by_award/ :: {"d
  DR1AT7KXMKG7 error: HTTP 400 for https://api.usaspending.gov/api/v2/search/spending_by_award/ :: {"d
  DR2ERLJMTL34 error: HTTP 400 for https://api.usaspending.gov/api/v2/search/spending_by_award/ :: {"d
  DR3TF4ZMLPF9 error: HTTP 400 for https://api.usaspending.gov/api/v2/search/spending_by_award/ :: {"d
  DR43EJDF5F46 error: HTTP 400 for https://api.usaspending.gov/api/v2/search/spending_by_award/ :: {"d
  DR5CZDU1FN34 error: HTTP 400 for https://api.usaspending.gov/api/v2/search/spending_by_award/ :: {"d
  DR8QNDMDL5J3 error: HTTP 400 for https://api.usaspending.gov/api/v2/search/spending_by_award/ :: {"d
  DR9GP6CWNC44 error: HTTP 400 for https://api.usaspending.gov/api/v2/search/spending_by_award/ :: {"d
  DRAHXMKV2ZF4 error: HTTP 400 for https://api.usaspending.gov/api/v2/search/spending_by_award/ :: {"d
  DRC6S9KLNLH1 error: HTTP 400 for https://api.usaspending.gov/api/v2/search/spending_by_award/ :: {"d
  DRCBXAF4KVR3 error: HTTP 400 for https://api.usaspending.gov/api/v2/search/spending_by_award/ :: {"d
  1800/17687 UEIs, 91777 awards (0.0 UEI/s)
  DREAKTT3HDE8 error: HTTP 400 for https://api.usaspending.gov/api/v2/search/spending_by_award/ :: {"d
  DREDGRBAJG53 error: HTTP 400 for https://api.usaspending.gov/api/v2/search/spending_by_award/ :: {"d
  DRKLM7UJV9Y6 error: HTTP 400 for https://api.usaspending.gov/api/v2/search/spending_by_award/ :: {"d
  DRKNA8XARGU5 error: HTTP 400 for https://api.usaspending.gov/api/v2/search/spending_by_award/ :: {"d
  DRLXSNVEH6M7 error: HTTP 400 for https://api.usaspending.gov/api/v2/search/spending_by_award/ :: {"d
  DRNFANA7DBH9 error: HTTP 400 for https://api.usaspending.gov/api/v2/search/spending_by_award/ :: {"d
  DRNURLJPEEF5 error: HTTP 400 for https://api.usaspending.gov/api/v2/search/spending_by_award/ :: {"d
  DRPTPXYMVQ84 error: HTTP 400 for https://api.usaspending.gov/api/v2/search/spending_by_award/ :: {"d
  DRQ8FDH5DKM5 error: HTTP 400 for https://api.usaspending.gov/api/v2/search/spending_by_award/ :: {"d
  DRQQQJ5NFEA9 error: HTTP 400 for https://api.usaspending.gov/api/v2/search/spending_by_award/ :: {"d
  DRTHHDE2RZ26 error: HTTP 400 for https://api.usaspending.gov/api/v2/search/spending_by_award/ :: {"d
  DRZJX5ZA1MG8 error: HTTP 400 for https://api.usaspending.gov/api/v2/search/spending_by_award/ :: {"d
  DS1LEVPTQ9G1 error: HTTP 400 for https://api.usaspending.gov/api/v2/search/spending_by_award/ :: {"d
  DS38MXLNBK85 error: HTTP 400 for https://api.usaspending.gov/api/v2/search/spending_by_award/ :: {"d
  DS3VQL6V2V95 error: HTTP 400 for https://api.usaspending.gov/api/v2/search/spending_by_award/ :: {"d
  DS4QHNSHGWA3 error: HTTP 400 for https://api.usaspending.gov/api/v2/search/spending_by_award/ :: {"d
  DS4QRUVR1WN6 error: HTTP 400 for https://api.usaspending.gov/api/v2/search/spending_by_award/ :: {"d
  DS5LP1EQ6Z95 error: HTTP 400 for https://api.usaspending.gov/api/v2/search/spending_by_award/ :: {"d
  DS5WBGB26LQ6 error: HTTP 400 for https://api.usaspending.gov/api/v2/search/spending_by_award/ :: {"d
  DS6MD4RCG217 error: HTTP 400 for https://api.usaspending.gov/api/v2/search/spending_by_award/ :: {"d
  DS6MNKRK1FF1 error: HTTP 400 for https://api.usaspending.gov/api/v2/search/spending_by_award/ :: {"d
  DS71XMJ4AZL9 error: HTTP 400 for https://api.usaspending.gov/api/v2/search/spending_by_award/ :: {"d
  DS8JKK6GYRN3 error: HTTP 400 for https://api.usaspending.gov/api/v2/search/spending_by_award/ :: {"d
  DS99VJEGL9B1 error: HTTP 400 for https://api.usaspending.gov/api/v2/search/spending_by_award/ :: {"d
  DSB4Q24N1QK5 error: HTTP 400 for https://api.usaspending.gov/api/v2/search/spending_by_award/ :: {"d
  DSBDTP8FWZE9 error: HTTP 400 for https://api.usaspending.gov/api/v2/search/spending_by_award/ :: {"d
  DSFDSL2X6BM5 error: HTTP 400 for https://api.usaspending.gov/api/v2/search/spending_by_award/ :: {"d
  DSG5K2V1THZ3 error: HTTP 400 for https://api.usaspending.gov/api/v2/search/spending_by_award/ :: {"d
  DSJBQKKMN3K1 error: HTTP 400 for https://api.usaspending.gov/api/v2/search/spending_by_award/ :: {"d
  DSJVV4G94X68 error: HTTP 400 for https://api.usaspending.gov/api/v2/search/spending_by_award/ :: {"d
  DSKTRVFN1491 error: HTTP 400 for https://api.usaspending.gov/api/v2/search/spending_by_award/ :: {"d
  DSLHRLFLNN89 error: HTTP 400 for https://api.usaspending.gov/api/v2/search/spending_by_award/ :: {"d
  DSLMJKQ1DSW1 error: HTTP 400 for https://api.usaspending.gov/api/v2/search/spending_by_award/ :: {"d
  DSLZGUUVFFZ4 error: HTTP 400 for https://api.usaspending.gov/api/v2/search/spending_by_award/ :: {"d
  DSN6UVWJQ853 error: HTTP 400 for https://api.usaspending.gov/api/v2/search/spending_by_award/ :: {"d
  DSQ2DQ1JU7G3 error: HTTP 400 for https://api.usaspending.gov/api/v2/search/spending_by_award/ :: {"d
  DSQ7UJBPY9U3 error: HTTP 400 for https://api.usaspending.gov/api/v2/search/spending_by_award/ :: {"d
  DSTCMH6HEXM3 error: HTTP 400 for https://api.usaspending.gov/api/v2/search/spending_by_award/ :: {"d
  DSTUKSBKCD11 error: HTTP 400 for https://api.usaspending.gov/api/v2/search/spending_by_award/ :: {"d
  DSWXARLE1ML3 error: HTTP 400 for https://api.usaspending.gov/api/v2/search/spending_by_award/ :: {"d
  DSY1U6N76RD7 error: HTTP 400 for https://api.usaspending.gov/api/v2/search/spending_by_award/ :: {"d
  DSYASMLVV7L1 error: HTTP 400 for https://api.usaspending.gov/api/v2/search/spending_by_award/ :: {"d
  DT32VS4GLGG5 error: HTTP 400 for https://api.usaspending.gov/api/v2/search/spending_by_award/ :: {"d
  DT45VLGAMDZ4 error: HTTP 400 for https://api.usaspending.gov/api/v2/search/spending_by_award/ :: {"d
  DT8TMYSJ8GM3 error: HTTP 400 for https://api.usaspending.gov/api/v2/search/spending_by_award/ :: {"d
  DTB9S17JKYA3 error: HTTP 400 for https://api.usaspending.gov/api/v2/search/spending_by_award/ :: {"d
  DTCYB2AW1ML6 error: HTTP 400 for https://api.usaspending.gov/api/v2/search/spending_by_award/ :: {"d
  DTGSAZLNB9Y4 error: HTTP 400 for https://api.usaspending.gov/api/v2/search/spending_by_award/ :: {"d
  DTHVHZWBN3V7 error: HTTP 400 for https://api.usaspending.gov/api/v2/search/spending_by_award/ :: {"d
  DTLFLQXFSNK1 error: HTTP 400 for https://api.usaspending.gov/api/v2/search/spending_by_award/ :: {"d
  DTQFCMMDJ2K5 error: HTTP 400 for https://api.usaspending.gov/api/v2/search/spending_by_award/ :: {"d
  DTQNBHNCNXR3 error: HTTP 400 for https://api.usaspending.gov/api/v2/search/spending_by_award/ :: {"d
  DTRBG44CLUY7 error: HTTP 400 for https://api.usaspending.gov/api/v2/search/spending_by_award/ :: {"d
  DTRYXWQJF723 error: HTTP 400 for https://api.usaspending.gov/api/v2/search/spending_by_award/ :: {"d
  DTU7KDNHVWA5 error: HTTP 400 for https://api.usaspending.gov/api/v2/search/spending_by_award/ :: {"d
  DTVGG44LPZJ7 error: HTTP 400 for https://api.usaspending.gov/api/v2/search/spending_by_award/ :: {"d
  DTWJKC74BGL7 error: HTTP 400 for https://api.usaspending.gov/api/v2/search/spending_by_award/ :: {"d
  DTWNT15EK5K5 error: HTTP 400 for https://api.usaspending.gov/api/v2/search/spending_by_award/ :: {"d
  DTXAMBE1PCD5 error: HTTP 400 for https://api.usaspending.gov/api/v2/search/spending_by_award/ :: {"d
  DTYPJFMQ6G77 error: HTTP 400 for https://api.usaspending.gov/api/v2/search/spending_by_award/ :: {"d
  DU17DF6R52J4 error: HTTP 400 for https://api.usaspending.gov/api/v2/search/spending_by_award/ :: {"d
  DU3NEA2B1S89 error: HTTP 400 for https://api.usaspending.gov/api/v2/search/spending_by_award/ :: {"d
  DU3WB9W3Y484 error: HTTP 400 for https://api.usaspending.gov/api/v2/search/spending_by_award/ :: {"d
  DU65PT5CNFD9 error: HTTP 400 for https://api.usaspending.gov/api/v2/search/spending_by_award/ :: {"d
  DU6UAANZDJ81 error: HTTP 400 for https://api.usaspending.gov/api/v2/search/spending_by_award/ :: {"d
  DU95JJL6RQS3 error: HTTP 400 for https://api.usaspending.gov/api/v2/search/spending_by_award/ :: {"d
  DU9BHTTXEMN9 error: HTTP 400 for https://api.usaspending.gov/api/v2/search/spending_by_award/ :: {"d
  DUAEHGJ9GGQ5 error: HTTP 400 for https://api.usaspending.gov/api/v2/search/spending_by_award/ :: {"d
  DUAPSL6ADC73 error: HTTP 400 for https://api.usaspending.gov/api/v2/search/spending_by_award/ :: {"d
  DUAWJMRJC4J5 error: HTTP 400 for https://api.usaspending.gov/api/v2/search/spending_by_award/ :: {"d
  DUFBSHZAEZX8 error: HTTP 400 for https://api.usaspending.gov/api/v2/search/spending_by_award/ :: {"d
  DUFJHQXKN731 error: HTTP 400 for https://api.usaspending.gov/api/v2/search/spending_by_award/ :: {"d
  DUG1SQGNZDM6 error: HTTP 400 for https://api.usaspending.gov/api/v2/search/spending_by_award/ :: {"d
  DUGZXZ57NN82 error: HTTP 400 for https://api.usaspending.gov/api/v2/search/spending_by_award/ :: {"d
  DUKYTE95LE51 error: HTTP 400 for https://api.usaspending.gov/api/v2/search/spending_by_award/ :: {"d
  DUL5L8PEA214 error: HTTP 400 for https://api.usaspending.gov/api/v2/search/spending_by_award/ :: {"d
  DULVSALZ7153 error: HTTP 400 for https://api.usaspending.gov/api/v2/search/spending_by_award/ :: {"d
  DUM2FW67LR78 error: HTTP 400 for https://api.usaspending.gov/api/v2/search/spending_by_award/ :: {"d
  DUM9ECBKWHY9 error: HTTP 400 for https://api.usaspending.gov/api/v2/search/spending_by_award/ :: {"d
  DUN3XFHRSY83 error: HTTP 400 for https://api.usaspending.gov/api/v2/search/spending_by_award/ :: {"d
  DUS5BPME67V8 error: HTTP 400 for https://api.usaspending.gov/api/v2/search/spending_by_award/ :: {"d
  DUV8VM6Y9ZD1 error: HTTP 400 for https://api.usaspending.gov/api/v2/search/spending_by_award/ :: {"d
  DV15J5C3BEJ9 error: HTTP 400 for https://api.usaspending.gov/api/v2/search/spending_by_award/ :: {"d
  DV36SETQMNJ7 error: HTTP 400 for https://api.usaspending.gov/api/v2/search/spending_by_award/ :: {"d
  DV3APH57LPL4 error: HTTP 400 for https://api.usaspending.gov/api/v2/search/spending_by_award/ :: {"d
  DV3KHH71FJD3 error: HTTP 400 for https://api.usaspending.gov/api/v2/search/spending_by_award/ :: {"d
  DV4MRDZ4WE76 error: HTTP 400 for https://api.usaspending.gov/api/v2/search/spending_by_award/ :: {"d
  DV6BGNF7WEF7 error: HTTP 400 for https://api.usaspending.gov/api/v2/search/spending_by_award/ :: {"d
  DV6TJUWE2YD7 error: HTTP 400 for https://api.usaspending.gov/api/v2/search/spending_by_award/ :: {"d
  DV84RPXCFGW4 error: HTTP 400 for https://api.usaspending.gov/api/v2/search/spending_by_award/ :: {"d
  DVCJPEGGTGH5 error: HTTP 400 for https://api.usaspending.gov/api/v2/search/spending_by_award/ :: {"d
  DVCQNU28ME87 error: HTTP 400 for https://api.usaspending.gov/api/v2/search/spending_by_award/ :: {"d
  DVDUYJH22BH1 error: HTTP 400 for https://api.usaspending.gov/api/v2/search/spending_by_award/ :: {"d
  DVGCMAE96DX5 error: HTTP 400 for https://api.usaspending.gov/api/v2/search/spending_by_award/ :: {"d
  DVHYJABNC3U5 error: HTTP 400 for https://api.usaspending.gov/api/v2/search/spending_by_award/ :: {"d
  DVJRGKBN4MH6 error: HTTP 400 for https://api.usaspending.gov/api/v2/search/spending_by_award/ :: {"d
  DVMJSVR8BNW7 error: HTTP 400 for https://api.usaspending.gov/api/v2/search/spending_by_award/ :: {"d
  DVR8NAJHZCK3 error: HTTP 400 for https://api.usaspending.gov/api/v2/search/spending_by_award/ :: {"d
  DVRGFDNZH7C5 error: HTTP 400 for https://api.usaspending.gov/api/v2/search/spending_by_award/ :: {"d
  DVRHBGFN36M5 error: HTTP 400 for https://api.usaspending.gov/api/v2/search/spending_by_award/ :: {"d
  DVRPTYR4MKX6 error: HTTP 400 for https://api.usaspending.gov/api/v2/search/spending_by_award/ :: {"d
  DVSBNKN6LGL6 error: HTTP 400 for https://api.usaspending.gov/api/v2/search/spending_by_award/ :: {"d
  DVWEJ1E9FCW7 error: HTTP 400 for https://api.usaspending.gov/api/v2/search/spending_by_award/ :: {"d
  DVXLLMCNQ6B1 error: HTTP 400 for https://api.usaspending.gov/api/v2/search/spending_by_award/ :: {"d
  DVZ6S7VKGRK7 error: HTTP 400 for https://api.usaspending.gov/api/v2/search/spending_by_award/ :: {"d
  DVZLLPHRVBL3 error: HTTP 400 for https://api.usaspending.gov/api/v2/search/spending_by_award/ :: {"d
  DVZMH94NUKX6 error: HTTP 400 for https://api.usaspending.gov/api/v2/search/spending_by_award/ :: {"d
  DW2CGBKX1188 error: HTTP 400 for https://api.usaspending.gov/api/v2/search/spending_by_award/ :: {"d
  DW3FTMRUMKC5 error: HTTP 400 for https://api.usaspending.gov/api/v2/search/spending_by_award/ :: {"d
  DW43LNFGKK21 error: HTTP 400 for https://api.usaspending.gov/api/v2/search/spending_by_award/ :: {"d
  DW5ENL4JJLA5 error: HTTP 400 for https://api.usaspending.gov/api/v2/search/spending_by_award/ :: {"d
  DW6RVH6VDQB1 error: HTTP 400 for https://api.usaspending.gov/api/v2/search/spending_by_award/ :: {"d
  DW98QNQJQ395 error: HTTP 400 for https://api.usaspending.gov/api/v2/search/spending_by_award/ :: {"d
  DWE1ZMLAVB79 error: HTTP 400 for https://api.usaspending.gov/api/v2/search/spending_by_award/ :: {"d
  DWEPY7DGKTG5 error: HTTP 400 for https://api.usaspending.gov/api/v2/search/spending_by_award/ :: {"d
  DWFAK8PWH9B1 error: HTTP 400 for https://api.usaspending.gov/api/v2/search/spending_by_award/ :: {"d
  DWGDNLNFVNL3 error: HTTP 400 for https://api.usaspending.gov/api/v2/search/spending_by_award/ :: {"d
  DWGQXHVQU2D5 error: HTTP 400 for https://api.usaspending.gov/api/v2/search/spending_by_award/ :: {"d
  DWH3JE9WFYY5 error: HTTP 400 for https://api.usaspending.gov/api/v2/search/spending_by_award/ :: {"d
  DWKDUEE1DT59 error: HTTP 400 for https://api.usaspending.gov/api/v2/search/spending_by_award/ :: {"d
  DWMTY36X23F8 error: HTTP 400 for https://api.usaspending.gov/api/v2/search/spending_by_award/ :: {"d
  DWQFYMEUSNR3 error: HTTP 400 for https://api.usaspending.gov/api/v2/search/spending_by_award/ :: {"d
  DWR6L462HB54 error: HTTP 400 for https://api.usaspending.gov/api/v2/search/spending_by_award/ :: {"d
  DWRFSR1JTTF5 error: HTTP 400 for https://api.usaspending.gov/api/v2/search/spending_by_award/ :: {"d
  DWSBHBMP1RK6 error: HTTP 400 for https://api.usaspending.gov/api/v2/search/spending_by_award/ :: {"d
  DWTBF8MVRLS9 error: HTTP 400 for https://api.usaspending.gov/api/v2/search/spending_by_award/ :: {"d
  DWXVJD5F6W74 error: HTTP 400 for https://api.usaspending.gov/api/v2/search/spending_by_award/ :: {"d
  DWZ6CNHFGJE3 error: HTTP 400 for https://api.usaspending.gov/api/v2/search/spending_by_award/ :: {"d
  DWZXVTBQN535 error: HTTP 400 for https://api.usaspending.gov/api/v2/search/spending_by_award/ :: {"d
  DWZYAYS4MBA8 error: HTTP 400 for https://api.usaspending.gov/api/v2/search/spending_by_award/ :: {"d
  DX1HNP44F4K5 error: HTTP 400 for https://api.usaspending.gov/api/v2/search/spending_by_award/ :: {"d
  DX1MBBNQCLM7 error: HTTP 400 for https://api.usaspending.gov/api/v2/search/spending_by_award/ :: {"d
  DX5FLB7NACN7 error: HTTP 400 for https://api.usaspending.gov/api/v2/search/spending_by_award/ :: {"d
  DX5YFK84S534 error: HTTP 400 for https://api.usaspending.gov/api/v2/search/spending_by_award/ :: {"d
  DXENVKMN4C34 error: HTTP 400 for https://api.usaspending.gov/api/v2/search/spending_by_award/ :: {"d
  DXEZB37UP7Q9 error: HTTP 400 for https://api.usaspending.gov/api/v2/search/spending_by_award/ :: {"d
  DXG5Y91J74Y4 error: HTTP 400 for https://api.usaspending.gov/api/v2/search/spending_by_award/ :: {"d
  DXK6ZUHBK7N5 error: HTTP 400 for https://api.usaspending.gov/api/v2/search/spending_by_award/ :: {"d
  DXL6MV1YHU83 error: HTTP 400 for https://api.usaspending.gov/api/v2/search/spending_by_award/ :: {"d
  DXL9BDMFHGG7 error: HTTP 400 for https://api.usaspending.gov/api/v2/search/spending_by_award/ :: {"d
  DXLXXJL3N3M8 error: HTTP 400 for https://api.usaspending.gov/api/v2/search/spending_by_award/ :: {"d
  DXM2FNNMLXF3 error: HTTP 400 for https://api.usaspending.gov/api/v2/search/spending_by_award/ :: {"d
  DXM3E32CKK41 error: HTTP 400 for https://api.usaspending.gov/api/v2/search/spending_by_award/ :: {"d
  DXP1WN4XN5H4 error: HTTP 400 for https://api.usaspending.gov/api/v2/search/spending_by_award/ :: {"d
  DXPTZMQ64C11 error: HTTP 400 for https://api.usaspending.gov/api/v2/search/spending_by_award/ :: {"d
  DXRLREMAV864 error: HTTP 400 for https://api.usaspending.gov/api/v2/search/spending_by_award/ :: {"d
  DXUSK8ABLKK7 error: HTTP 400 for https://api.usaspending.gov/api/v2/search/spending_by_award/ :: {"d
  DXXYKLMFGVG7 error: HTTP 400 for https://api.usaspending.gov/api/v2/search/spending_by_award/ :: {"d
  DY23EUM3YRW5 error: HTTP 400 for https://api.usaspending.gov/api/v2/search/spending_by_award/ :: {"d
  DY3LVHMNLSB1 error: HTTP 400 for https://api.usaspending.gov/api/v2/search/spending_by_award/ :: {"d
  DY54N8CJ3ZM8 error: HTTP 400 for https://api.usaspending.gov/api/v2/search/spending_by_award/ :: {"d
  DY6PYKJ3YKU4 error: HTTP 400 for https://api.usaspending.gov/api/v2/search/spending_by_award/ :: {"d
  DY7HUDJGRAE7 error: HTTP 400 for https://api.usaspending.gov/api/v2/search/spending_by_award/ :: {"d
  DYB5XFVEN8H3 error: HTTP 400 for https://api.usaspending.gov/api/v2/search/spending_by_award/ :: {"d
  DYCWD2XGWRV1 error: HTTP 400 for https://api.usaspending.gov/api/v2/search/spending_by_award/ :: {"d
  DYDDXQEZS9B5 error: HTTP 400 for https://api.usaspending.gov/api/v2/search/spending_by_award/ :: {"d
  DYDFRQK28535 error: HTTP 400 for https://api.usaspending.gov/api/v2/search/spending_by_award/ :: {"d
  DYFNSHJ76M58 error: HTTP 400 for https://api.usaspending.gov/api/v2/search/spending_by_award/ :: {"d
  DYJHRJ44STNS error: HTTP 400 for https://api.usaspending.gov/api/v2/search/spending_by_award/ :: {"d
  DYLSJBLXKGW5 error: HTTP 400 for https://api.usaspending.gov/api/v2/search/spending_by_award/ :: {"d
  DYLVRC3ACAK4 error: HTTP 400 for https://api.usaspending.gov/api/v2/search/spending_by_award/ :: {"d
  DYMSKQ6LFKH1 error: HTTP 400 for https://api.usaspending.gov/api/v2/search/spending_by_award/ :: {"d
  DYNEN651F4M4 error: HTTP 400 for https://api.usaspending.gov/api/v2/search/spending_by_award/ :: {"d
  DYTWCKAXLKA5 error: HTTP 400 for https://api.usaspending.gov/api/v2/search/spending_by_award/ :: {"d
  DYX3HYA4ZKP3 error: HTTP 400 for https://api.usaspending.gov/api/v2/search/spending_by_award/ :: {"d
  DYZNJGLTHMR9 error: HTTP 400 for https://api.usaspending.gov/api/v2/search/spending_by_award/ :: {"d
  DZ1FTSM1EJ47 error: HTTP 400 for https://api.usaspending.gov/api/v2/search/spending_by_award/ :: {"d
  DZ2BHMA1KQC9 error: HTTP 400 for https://api.usaspending.gov/api/v2/search/spending_by_award/ :: {"d
  DZ2ZXA87T1Y2 error: HTTP 400 for https://api.usaspending.gov/api/v2/search/spending_by_award/ :: {"d
  DZ4DWPMDFT96 error: HTTP 400 for https://api.usaspending.gov/api/v2/search/spending_by_award/ :: {"d
  DZ4YCZ3QSPR5 error: HTTP 400 for https://api.usaspending.gov/api/v2/search/spending_by_award/ :: {"d
  DZ9KA5GMT9A6 error: HTTP 400 for https://api.usaspending.gov/api/v2/search/spending_by_award/ :: {"d
  DZB6Q2N9L4K1 error: HTTP 400 for https://api.usaspending.gov/api/v2/search/spending_by_award/ :: {"d
